episode,timestamp,reward,mean_queuing_ms,drop_rate,loss,policy_loss,value_loss,entropy,kl_div,baseline,temperature,wall_time_ms,packets,active_flows,num_windows,critical_packets,dense_reward_undiscounted
0,2025-12-09T14:19:49.739089,-6.796114,428.0897,0.000000,0.000000,0.000000,0.000000,0.000000,0.000000,-0.067961,0.9950,3965,1991,219,12,213,-7.431575
1,2025-12-09T14:19:54.669034,-9.929214,477.9354,0.000000,0.000000,0.000000,0.000000,0.000000,0.000000,-0.166574,0.9900,4707,1991,219,12,202,-10.770853
2,2025-12-09T14:19:59.483224,-7.441011,495.3190,0.000000,0.000000,0.000000,0.000000,0.000000,0.000000,-0.239318,0.9851,4593,1991,219,12,255,-8.097806
3,2025-12-09T14:20:04.815721,-6.188324,419.3558,0.000000,0.000000,0.000000,0.000000,0.000000,0.000000,-0.298808,0.9801,5064,1991,219,12,199,-6.766699
4,2025-12-09T14:20:10.277431,-6.272493,485.0369,0.000000,0.000000,0.000000,0.000000,0.000000,0.000000,-0.358545,0.9752,5224,1991,219,12,226,-6.852268
5,2025-12-09T14:20:15.210124,-6.107115,432.5836,0.000000,0.000000,0.000000,0.000000,0.000000,0.000000,-0.416031,0.9704,4736,1991,219,12,166,-6.694691
6,2025-12-09T14:20:20.208954,-5.518041,412.5682,0.000000,0.000000,0.000000,0.000000,0.000000,0.000000,-0.467051,0.9655,4762,1991,219,12,213,-6.026124
7,2025-12-09T14:20:25.257463,-6.622880,561.2046,0.000000,0.000000,0.000000,0.000000,0.000000,0.000000,-0.528609,0.9607,4804,1991,219,12,169,-7.247992
8,2025-12-09T14:20:30.641186,-6.841091,420.9008,0.000000,0.000000,0.000000,0.000000,0.000000,0.000000,-0.591734,0.9559,5142,1991,219,12,238,-7.422820
9,2025-12-09T14:20:35.552890,-9.432360,424.7871,0.000000,0.302973,0.302973,65.190865,5.304002,11.256564,-0.680140,0.9511,4405,1991,219,12,219,-10.235429
10,2025-12-09T14:20:41.508358,-22.606127,881.4096,0.000000,0.000000,0.000000,0.000000,0.000000,0.000000,-0.899400,0.9464,5617,1991,225,15,220,-25.339967
11,2025-12-09T14:20:46.610349,-19.739856,692.1529,0.000000,0.000000,0.000000,0.000000,0.000000,0.000000,-1.087805,0.9416,4845,1991,225,14,192,-21.906598
12,2025-12-09T14:20:51.594873,-26.440245,1070.1878,0.000000,0.000000,0.000000,0.000000,0.000000,0.000000,-1.341329,0.9369,4668,1991,225,16,202,-29.857112
13,2025-12-09T14:20:56.837538,-13.634082,686.7788,0.000000,0.000000,0.000000,0.000000,0.000000,0.000000,-1.464256,0.9322,4818,1991,225,14,117,-15.266662
14,2025-12-09T14:21:01.948656,-36.499594,1082.2958,0.000000,0.000000,0.000000,0.000000,0.000000,0.000000,-1.814610,0.9276,4814,1991,225,17,206,-41.438258
15,2025-12-09T14:21:07.074687,-24.339303,871.1416,0.000000,0.000000,0.000000,0.000000,0.000000,0.000000,-2.039857,0.9229,4798,1991,225,15,223,-27.150733
16,2025-12-09T14:21:12.488469,-29.083123,1029.2524,0.000000,0.000000,0.000000,0.000000,0.000000,0.000000,-2.310289,0.9183,5032,1991,225,16,165,-32.789895
17,2025-12-09T14:21:17.844852,-26.207102,1083.6560,0.000000,0.000000,0.000000,0.000000,0.000000,0.000000,-2.549258,0.9137,4977,1991,225,16,179,-29.646745
18,2025-12-09T14:21:22.724946,-19.239782,946.9650,0.000000,0.000000,0.000000,0.000000,0.000000,0.000000,-2.716163,0.9092,4566,1991,225,15,200,-21.609861
19,2025-12-09T14:21:28.291054,-26.338100,1020.6030,0.000000,0.291805,0.291805,525.201050,5.311035,8.336357,-2.952382,0.9046,5072,1991,225,16,187,-29.777259
20,2025-12-09T14:21:33.320331,-34.252431,1015.3284,0.000000,0.000000,0.000000,0.000000,0.000000,0.000000,-3.265383,0.9001,4592,1991,221,17,177,-38.953831
21,2025-12-09T14:21:38.884328,-26.849299,833.8322,0.000000,0.000000,0.000000,0.000000,0.000000,0.000000,-3.501222,0.8956,5195,1991,221,16,164,-30.376627
22,2025-12-09T14:21:44.590339,-11.612153,592.2641,0.000000,0.000000,0.000000,0.000000,0.000000,0.000000,-3.582331,0.8911,5419,1991,221,14,188,-12.948767
23,2025-12-09T14:21:50.125438,-33.067745,958.2913,0.000000,0.000000,0.000000,0.000000,0.000000,0.000000,-3.877185,0.8867,5290,1991,221,17,204,-37.725108
24,2025-12-09T14:21:55.304334,-13.529616,558.5411,0.000000,0.000000,0.000000,0.000000,0.000000,0.000000,-3.973710,0.8822,4949,1991,221,14,236,-15.029526
25,2025-12-09T14:22:00.470063,-26.280082,847.5175,0.000000,0.000000,0.000000,0.000000,0.000000,0.000000,-4.196773,0.8778,4937,1991,221,16,194,-29.752493
26,2025-12-09T14:22:05.973657,-33.265990,795.8780,0.000000,0.000000,0.000000,0.000000,0.000000,0.000000,-4.487466,0.8734,5247,1991,221,16,202,-37.315382
27,2025-12-09T14:22:11.775424,-17.231729,584.9473,0.000000,0.000000,0.000000,0.000000,0.000000,0.000000,-4.614908,0.8691,5528,1991,221,14,197,-19.090271
28,2025-12-09T14:22:16.987648,-35.336383,828.6683,0.000000,0.000000,0.000000,0.000000,0.000000,0.000000,-4.922123,0.8647,5000,1991,221,16,197,-39.762360
29,2025-12-09T14:22:22.153672,-31.299407,944.0464,0.000000,0.326114,0.326114,513.488098,5.322307,7.197209,-5.185896,0.8604,4835,1991,221,17,273,-35.805861
30,2025-12-09T14:22:27.160278,-17.459352,693.1097,0.000000,0.000000,0.000000,0.000000,0.000000,0.000000,-5.308630,0.8561,4731,1991,229,14,232,-19.339763
31,2025-12-09T14:22:32.385383,-12.905715,654.5221,0.000000,0.000000,0.000000,0.000000,0.000000,0.000000,-5.384601,0.8518,4925,1991,229,14,224,-14.352343
32,2025-12-09T14:22:37.739562,-16.366665,678.6624,0.000000,0.000000,0.000000,0.000000,0.000000,0.000000,-5.494422,0.8475,5106,1991,229,14,298,-18.093609
33,2025-12-09T14:22:42.792082,-13.063162,710.2026,0.000000,0.000000,0.000000,0.000000,0.000000,0.000000,-5.570109,0.8433,4791,1991,229,14,178,-14.606118
34,2025-12-09T14:22:48.101283,-15.900205,676.0774,0.000000,0.000000,0.000000,0.000000,0.000000,0.000000,-5.673410,0.8391,5019,1991,229,14,178,-17.602828
35,2025-12-09T14:22:52.858163,-16.076449,658.3509,0.000000,0.000000,0.000000,0.000000,0.000000,0.000000,-5.777441,0.8349,4482,1991,229,14,258,-17.847187
36,2025-12-09T14:22:57.580016,-14.050780,672.4736,0.000000,0.000000,0.000000,0.000000,0.000000,0.000000,-5.860174,0.8307,4485,1991,229,14,210,-15.627692
37,2025-12-09T14:23:02.629498,-14.206197,656.5258,0.000000,0.000000,0.000000,0.000000,0.000000,0.000000,-5.943634,0.8266,4847,1991,229,14,192,-15.780700
38,2025-12-09T14:23:07.636886,-17.535178,657.3547,0.000000,0.000000,0.000000,0.000000,0.000000,0.000000,-6.059550,0.8224,4714,1991,229,14,251,-19.429407
39,2025-12-09T14:23:12.937600,-11.654509,655.0468,0.000000,0.342466,0.342466,56.852867,5.318413,9.069444,-6.115499,0.8183,4919,1991,229,14,213,-12.956310
40,2025-12-09T14:23:18.181266,-23.847041,1071.1581,0.000000,0.000000,0.000000,0.000000,0.000000,0.000000,-6.292815,0.8142,4948,1991,231,15,182,-26.615365
41,2025-12-09T14:23:23.473444,-13.992541,772.4435,0.000000,0.000000,0.000000,0.000000,0.000000,0.000000,-6.369812,0.8102,5021,1991,231,14,226,-15.498615
42,2025-12-09T14:23:28.327498,-18.129332,779.4903,0.000000,0.000000,0.000000,0.000000,0.000000,0.000000,-6.487407,0.8061,4594,1991,231,14,199,-20.039657
43,2025-12-09T14:23:33.483211,-15.444012,998.5033,0.000000,0.000000,0.000000,0.000000,0.000000,0.000000,-6.576973,0.8021,4797,1991,231,14,122,-17.157564
44,2025-12-09T14:23:38.411312,-13.881756,848.8756,0.000000,0.000000,0.000000,0.000000,0.000000,0.000000,-6.650021,0.7981,4694,1991,231,14,226,-15.404312
45,2025-12-09T14:23:44.076662,-20.160318,1095.3261,0.000000,0.000000,0.000000,0.000000,0.000000,0.000000,-6.785124,0.7941,5395,1991,231,15,163,-22.505568
46,2025-12-09T14:23:49.725375,-17.309204,963.5388,0.000000,0.000000,0.000000,0.000000,0.000000,0.000000,-6.890365,0.7901,5389,1991,231,14,186,-19.150459
47,2025-12-09T14:23:55.169167,-14.439447,967.8428,0.000000,0.000000,0.000000,0.000000,0.000000,0.000000,-6.965856,0.7862,5183,1991,231,14,214,-16.054981
48,2025-12-09T14:24:00.357664,-18.157798,852.6725,0.000000,0.000000,0.000000,0.000000,0.000000,0.000000,-7.077775,0.7822,4944,1991,231,14,235,-20.077039
49,2025-12-09T14:24:05.949301,-24.294529,1069.7766,0.000000,0.308621,0.308621,91.367805,5.321744,7.080401,-7.249943,0.7783,5172,1991,231,15,215,-27.068325
50,2025-12-09T14:24:11.449631,-17.708738,659.9527,0.000000,0.000000,0.000000,0.000000,0.000000,0.000000,-7.354530,0.7744,5230,1991,230,14,263,-19.596024
51,2025-12-09T14:24:17.243742,-14.216520,660.2622,0.000000,0.000000,0.000000,0.000000,0.000000,0.000000,-7.423150,0.7705,5505,1991,230,14,170,-15.854216
52,2025-12-09T14:24:23.465743,-20.781314,844.3562,0.000000,0.000000,0.000000,0.000000,0.000000,0.000000,-7.556732,0.7667,5991,1991,230,15,236,-23.266928
53,2025-12-09T14:24:29.080923,-20.174432,768.5222,0.000000,0.000000,0.000000,0.000000,0.000000,0.000000,-7.682909,0.7629,5327,1991,230,15,236,-22.584939
54,2025-12-09T14:24:34.577157,-26.126539,913.9073,0.000000,0.000000,0.000000,0.000000,0.000000,0.000000,-7.867345,0.7590,5259,1991,230,16,162,-29.550739
55,2025-12-09T14:24:39.964811,-31.983136,981.1835,0.000000,0.000000,0.000000,0.000000,0.000000,0.000000,-8.108503,0.7553,5135,1991,230,17,161,-36.524467
56,2025-12-09T14:24:45.301355,-19.396562,679.9294,0.000000,0.000000,0.000000,0.000000,0.000000,0.000000,-8.221384,0.7515,5095,1991,230,14,260,-21.431164
57,2025-12-09T14:24:50.825290,-17.835013,661.3036,0.000000,0.000000,0.000000,0.000000,0.000000,0.000000,-8.317520,0.7477,5251,1991,230,14,271,-19.789908
58,2025-12-09T14:24:56.113385,-26.071690,810.5138,0.000000,0.000000,0.000000,0.000000,0.000000,0.000000,-8.495062,0.7440,5042,1991,230,16,222,-29.443076
59,2025-12-09T14:25:01.768538,-28.083635,821.0824,0.000000,0.334320,0.334320,176.177307,5.310769,7.095618,-8.690948,0.7403,5316,1991,230,16,198,-31.576694
60,2025-12-09T14:25:07.294983,-9.777736,616.7988,0.000000,0.000000,0.000000,0.000000,0.000000,0.000000,-8.701815,0.7366,5242,1991,220,13,171,-10.820641
61,2025-12-09T14:25:12.739247,-18.501922,678.9803,0.000000,0.000000,0.000000,0.000000,0.000000,0.000000,-8.799816,0.7329,5135,1991,220,14,156,-20.516916
62,2025-12-09T14:25:18.167349,-14.578264,685.2404,0.000000,0.000000,0.000000,0.000000,0.000000,0.000000,-8.857601,0.7292,5114,1991,220,14,196,-16.215594
63,2025-12-09T14:25:23.549922,-15.121598,704.3688,0.000000,0.000000,0.000000,0.000000,0.000000,0.000000,-8.920241,0.7256,5150,1991,220,14,169,-16.811740
64,2025-12-09T14:25:29.356825,-13.250285,504.2279,0.000000,0.000000,0.000000,0.000000,0.000000,0.000000,-8.963541,0.7219,5522,1991,220,13,209,-14.599915
65,2025-12-09T14:25:34.792539,-10.224369,528.2053,0.000000,0.000000,0.000000,0.000000,0.000000,0.000000,-8.976150,0.7183,5101,1991,220,13,190,-11.292441
66,2025-12-09T14:25:40.196077,-12.268489,609.0948,0.000000,0.000000,0.000000,0.000000,0.000000,0.000000,-9.009073,0.7147,5179,1991,220,13,220,-13.463854
67,2025-12-09T14:25:45.503301,-13.943915,762.4846,0.000000,0.000000,0.000000,0.000000,0.000000,0.000000,-9.058421,0.7112,5008,1991,220,14,196,-15.542133
68,2025-12-09T14:25:50.834179,-13.079723,584.6848,0.000000,0.000000,0.000000,0.000000,0.000000,0.000000,-9.098634,0.7076,5049,1991,220,13,231,-14.355334
69,2025-12-09T14:25:56.478315,-11.252718,537.0742,0.000000,0.132530,0.132530,12.433969,5.303699,6.779570,-9.120175,0.7041,5251,1991,220,13,192,-12.376520
70,2025-12-09T14:26:01.885138,-11.219654,466.0387,0.000000,0.000000,0.000000,0.000000,0.000000,0.000000,-9.141170,0.7005,5157,1991,221,13,258,-12.313219
71,2025-12-09T14:26:07.480576,-8.774473,452.7473,0.000000,0.000000,0.000000,0.000000,0.000000,0.000000,-9.137503,0.6970,5259,1991,221,13,220,-9.682267
72,2025-12-09T14:26:13.091191,-9.559671,470.4943,0.000000,0.000000,0.000000,0.000000,0.000000,0.000000,-9.141725,0.6936,5337,1991,221,13,207,-10.485732
73,2025-12-09T14:26:18.889133,-9.663184,502.1238,0.000000,0.000000,0.000000,0.000000,0.000000,0.000000,-9.146939,0.6901,5568,1991,221,13,178,-10.682812
74,2025-12-09T14:26:24.120832,-8.977904,456.7231,0.000000,0.000000,0.000000,0.000000,0.000000,0.000000,-9.145249,0.6866,4971,1991,221,13,198,-9.912473
75,2025-12-09T14:26:29.485753,-8.819486,481.8385,0.000000,0.000000,0.000000,0.000000,0.000000,0.000000,-9.141991,0.6832,5071,1991,221,13,128,-9.748018
76,2025-12-09T14:26:35.617535,-9.224690,463.4275,0.000000,0.000000,0.000000,0.000000,0.000000,0.000000,-9.142818,0.6798,5865,1991,221,13,185,-10.156036
77,2025-12-09T14:26:41.653833,-12.378389,481.7274,0.000000,0.000000,0.000000,0.000000,0.000000,0.000000,-9.175174,0.6764,5762,1991,221,13,281,-13.624595
78,2025-12-09T14:26:47.376213,-11.233983,473.6794,0.000000,0.000000,0.000000,0.000000,0.000000,0.000000,-9.195762,0.6730,5347,1991,221,13,264,-12.311608
79,2025-12-09T14:26:52.858825,-11.584885,452.1362,0.000000,0.350197,0.350197,2.401476,5.299438,8.392232,-9.219653,0.6696,5105,1991,221,13,221,-12.733261
80,2025-12-09T14:26:58.710331,-4.498282,392.0027,0.000000,0.000000,0.000000,0.000000,0.000000,0.000000,-9.172440,0.6663,5540,1991,232,12,188,-4.923004
81,2025-12-09T14:27:04.039800,-9.231579,496.4865,0.000000,0.000000,0.000000,0.000000,0.000000,0.000000,-9.173031,0.6630,5061,1991,232,13,188,-10.228834
82,2025-12-09T14:27:09.812556,-14.608027,609.7805,0.000000,0.000000,0.000000,0.000000,0.000000,0.000000,-9.227381,0.6597,5520,1991,232,14,146,-16.323483
83,2025-12-09T14:27:15.347367,-9.849907,450.7814,0.000000,0.000000,0.000000,0.000000,0.000000,0.000000,-9.233606,0.6564,5247,1991,232,13,189,-10.880019
84,2025-12-09T14:27:20.629906,-15.132703,634.0967,0.000000,0.000000,0.000000,0.000000,0.000000,0.000000,-9.292597,0.6531,5048,1991,232,14,136,-16.919838
85,2025-12-09T14:27:26.366974,-13.149781,514.4157,0.000000,0.000000,0.000000,0.000000,0.000000,0.000000,-9.331169,0.6498,5459,1991,232,14,181,-14.637069
86,2025-12-09T14:27:32.128572,-10.334648,531.1894,0.000000,0.000000,0.000000,0.000000,0.000000,0.000000,-9.341204,0.6466,5497,1991,232,13,183,-11.429414
87,2025-12-09T14:27:37.567016,-14.143566,555.1190,0.000000,0.000000,0.000000,0.000000,0.000000,0.000000,-9.389228,0.6433,5215,1991,232,14,171,-15.779230
88,2025-12-09T14:27:42.988212,-7.681099,381.0536,0.000000,0.000000,0.000000,0.000000,0.000000,0.000000,-9.372146,0.6401,5152,1991,232,12,219,-8.385545
89,2025-12-09T14:27:48.788107,-8.390032,466.5832,0.000000,0.326653,0.326653,11.042025,5.308102,9.936336,-9.362325,0.6369,5412,1991,232,13,225,-9.290312
90,2025-12-09T14:27:54.301118,-23.210255,940.6313,0.000000,0.000000,0.000000,0.000000,0.000000,0.000000,-9.500804,0.6337,5169,1991,229,15,171,-25.975735
91,2025-12-09T14:27:59.735239,-20.189134,934.6209,0.000000,0.000000,0.000000,0.000000,0.000000,0.000000,-9.607688,0.6306,5203,1991,229,15,184,-22.521123
92,2025-12-09T14:28:05.135444,-24.443619,957.5770,0.000000,0.000000,0.000000,0.000000,0.000000,0.000000,-9.756047,0.6274,5139,1991,229,15,202,-27.296365
93,2025-12-09T14:28:10.517617,-19.450754,931.4050,0.000000,0.000000,0.000000,0.000000,0.000000,0.000000,-9.852994,0.6243,5052,1991,229,15,173,-21.790638
94,2025-12-09T14:28:16.519889,-24.660226,933.3861,0.000000,0.000000,0.000000,0.000000,0.000000,0.000000,-10.001066,0.6211,5781,1991,229,15,221,-27.394831
95,2025-12-09T14:28:22.037434,-22.266316,930.1515,0.000000,0.000000,0.000000,0.000000,0.000000,0.000000,-10.123719,0.6180,5283,1991,229,15,164,-24.865509
96,2025-12-09T14:28:27.351354,-20.489990,953.9234,0.000000,0.000000,0.000000,0.000000,0.000000,0.000000,-10.227382,0.6149,5069,1991,229,15,138,-22.933644
97,2025-12-09T14:28:32.947515,-23.603960,955.1175,0.000000,0.000000,0.000000,0.000000,0.000000,0.000000,-10.361147,0.6119,5321,1991,229,15,216,-26.224522
98,2025-12-09T14:28:38.457163,-22.815647,933.0048,0.000000,0.000000,0.000000,0.000000,0.000000,0.000000,-10.485692,0.6088,5264,1991,229,15,241,-25.417151
99,2025-12-09T14:28:43.749482,-21.925780,934.6819,0.000000,0.321388,0.321388,131.352661,5.291871,11.815249,-10.600093,0.6058,4895,1991,229,15,273,-24.432115
100,2025-12-09T14:28:49.276152,-14.174761,671.7285,0.000000,0.000000,0.000000,0.000000,0.000000,0.000000,-10.635840,0.6027,5187,1991,223,13,252,-15.557818
101,2025-12-09T14:28:55.120349,-10.841659,679.3395,0.000000,0.000000,0.000000,0.000000,0.000000,0.000000,-10.637898,0.5997,5585,1991,223,13,186,-11.861890
102,2025-12-09T14:29:01.477759,-10.908975,683.0546,0.000000,0.000000,0.000000,0.000000,0.000000,0.000000,-10.640609,0.5967,6029,1991,223,13,150,-12.020992
103,2025-12-09T14:29:07.020921,-12.743290,734.7316,0.000000,0.000000,0.000000,0.000000,0.000000,0.000000,-10.661636,0.5937,5291,1991,223,14,209,-14.168227
104,2025-12-09T14:29:12.485246,-10.906331,674.9066,0.000000,0.000000,0.000000,0.000000,0.000000,0.000000,-10.664083,0.5908,5169,1991,223,13,131,-12.087387
105,2025-12-09T14:29:17.999188,-14.761355,676.9934,0.000000,0.000000,0.000000,0.000000,0.000000,0.000000,-10.705055,0.5878,5266,1991,223,13,107,-16.279796
106,2025-12-09T14:29:23.485851,-14.732417,665.5461,0.000000,0.000000,0.000000,0.000000,0.000000,0.000000,-10.745329,0.5849,5242,1991,223,13,228,-16.195722
107,2025-12-09T14:29:28.931084,-14.761303,663.0584,0.000000,0.000000,0.000000,0.000000,0.000000,0.000000,-10.785489,0.5820,5169,1991,223,13,238,-16.228995
108,2025-12-09T14:29:34.695622,-10.237991,670.5210,0.000000,0.000000,0.000000,0.000000,0.000000,0.000000,-10.780014,0.5790,5476,1991,223,13,168,-11.327231
109,2025-12-09T14:29:40.435855,-10.737471,672.9592,0.000000,0.320544,0.320544,5.441659,5.289865,7.141220,-10.779588,0.5762,5313,1991,223,13,175,-11.883360
110,2025-12-09T14:29:49.269893,-15.756154,700.5116,0.000000,0.000000,0.000000,0.000000,0.000000,0.000000,-10.829354,0.5733,8314,1991,229,14,214,-17.528312
111,2025-12-09T14:29:57.988249,-9.901153,689.9329,0.000000,0.000000,0.000000,0.000000,0.000000,0.000000,-10.820072,0.5704,8251,1991,229,13,195,-10.921966
112,2025-12-09T14:30:04.433100,-13.559332,664.3527,0.000000,0.000000,0.000000,0.000000,0.000000,0.000000,-10.847465,0.5676,6145,1991,229,13,225,-14.792862
113,2025-12-09T14:30:10.693782,-9.395307,625.2956,0.000000,0.000000,0.000000,0.000000,0.000000,0.000000,-10.832943,0.5647,5984,1991,229,13,202,-10.415660
114,2025-12-09T14:30:18.127613,-16.840219,736.8109,0.000000,0.000000,0.000000,0.000000,0.000000,0.000000,-10.893016,0.5619,7080,1991,229,14,240,-18.655784
115,2025-12-09T14:30:24.786336,-16.533006,662.3711,0.000000,0.000000,0.000000,0.000000,0.000000,0.000000,-10.949416,0.5591,6302,1991,229,14,226,-18.323754
116,2025-12-09T14:30:31.934072,-12.101338,614.9516,0.000000,0.000000,0.000000,0.000000,0.000000,0.000000,-10.960935,0.5563,6862,1991,229,13,207,-13.352587
117,2025-12-09T14:30:41.189972,-13.934160,616.3869,0.000000,0.000000,0.000000,0.000000,0.000000,0.000000,-10.990667,0.5535,8871,1991,229,13,207,-15.300132
118,2025-12-09T14:30:50.796026,-11.588000,791.8022,0.000000,0.000000,0.000000,0.000000,0.000000,0.000000,-10.996640,0.5507,9166,1991,229,14,163,-12.942940
119,2025-12-09T14:31:00.191132,-11.636994,719.2881,0.000000,0.332036,0.332036,10.005748,5.276485,8.888551,-11.003044,0.5480,8768,1991,229,13,172,-12.805790
120,2025-12-09T14:31:07.676556,-8.665540,418.6763,0.000000,0.000000,0.000000,0.000000,0.000000,0.000000,-10.979669,0.5452,7045,1991,222,13,196,-9.569518
121,2025-12-09T14:31:15.232457,-8.762501,390.0997,0.000000,0.000000,0.000000,0.000000,0.000000,0.000000,-10.957497,0.5425,7167,1991,222,13,266,-9.642764
122,2025-12-09T14:31:21.570211,-9.048464,369.0338,0.000000,0.000000,0.000000,0.000000,0.000000,0.000000,-10.938407,0.5398,6073,1991,222,13,153,-9.987054
123,2025-12-09T14:31:28.655070,-9.464832,371.2836,0.000000,0.000000,0.000000,0.000000,0.000000,0.000000,-10.923671,0.5371,6805,1991,222,13,205,-10.411935
124,2025-12-09T14:31:35.965348,-9.177353,401.7125,0.000000,0.000000,0.000000,0.000000,0.000000,0.000000,-10.906208,0.5344,6976,1991,222,13,193,-10.112671
125,2025-12-09T14:31:43.070831,-8.643709,382.4425,0.000000,0.000000,0.000000,0.000000,0.000000,0.000000,-10.883583,0.5318,6782,1991,222,13,213,-9.522727
126,2025-12-09T14:31:50.432013,-7.533029,363.3649,0.000000,0.000000,0.000000,0.000000,0.000000,0.000000,-10.850077,0.5291,7059,1991,222,13,186,-8.318082
127,2025-12-09T14:31:57.164963,-7.873530,385.2845,0.000000,0.000000,0.000000,0.000000,0.000000,0.000000,-10.820312,0.5264,6442,1991,222,13,168,-8.715280
128,2025-12-09T14:32:04.570885,-8.891969,374.8393,0.000000,0.000000,0.000000,0.000000,0.000000,0.000000,-10.801029,0.5238,7051,1991,222,13,228,-9.810824
129,2025-12-09T14:32:11.491824,-8.299526,367.6771,0.000000,0.296503,0.296503,7.759376,5.274673,8.761541,-10.776014,0.5212,6432,1991,222,13,236,-9.167727
130,2025-12-09T14:32:18.154800,-21.247046,853.7436,0.000000,0.000000,0.000000,0.000000,0.000000,0.000000,-10.880724,0.5186,6250,1991,224,15,198,-23.819335
131,2025-12-09T14:32:25.082023,-21.308362,914.6740,0.000000,0.000000,0.000000,0.000000,0.000000,0.000000,-10.985000,0.5160,6591,1991,224,15,191,-23.796863
132,2025-12-09T14:32:32.760013,-18.954151,848.9347,0.000000,0.000000,0.000000,0.000000,0.000000,0.000000,-11.064692,0.5134,7286,1991,224,15,209,-21.232349
133,2025-12-09T14:32:41.062723,-20.419495,815.5955,0.000000,0.000000,0.000000,0.000000,0.000000,0.000000,-11.158240,0.5108,7923,1991,224,15,180,-22.851233
134,2025-12-09T14:32:48.454284,-20.914026,834.0207,0.000000,0.000000,0.000000,0.000000,0.000000,0.000000,-11.255798,0.5083,7019,1991,224,15,240,-23.357140
135,2025-12-09T14:32:56.160009,-19.929936,819.8821,0.000000,0.000000,0.000000,0.000000,0.000000,0.000000,-11.342539,0.5058,7415,1991,224,15,119,-22.400717
136,2025-12-09T14:33:03.396472,-20.799936,853.9213,0.000000,0.000000,0.000000,0.000000,0.000000,0.000000,-11.437113,0.5032,6900,1991,224,15,209,-23.307760
137,2025-12-09T14:33:11.195067,-22.694856,871.8478,0.000000,0.000000,0.000000,0.000000,0.000000,0.000000,-11.549690,0.5007,7266,1991,224,15,171,-25.409740
138,2025-12-09T14:33:18.728512,-27.839849,933.4098,0.000000,0.000000,0.000000,0.000000,0.000000,0.000000,-11.712592,0.4982,7124,1991,224,15,222,-31.074199
139,2025-12-09T14:33:26.128563,-23.958219,811.5612,0.000000,0.286203,0.286203,112.977173,5.232946,12.616521,-11.835048,0.4957,6913,1991,224,15,249,-26.679458
140,2025-12-09T14:33:32.523193,-10.411504,640.6428,0.000000,0.000000,0.000000,0.000000,0.000000,0.000000,-11.820813,0.4932,6026,1991,223,13,167,-11.513223
141,2025-12-09T14:33:40.289601,-10.061445,573.3406,0.000000,0.000000,0.000000,0.000000,0.000000,0.000000,-11.803219,0.4908,7329,1991,223,13,180,-11.116403
142,2025-12-09T14:33:46.744286,-11.495313,650.7625,0.000000,0.000000,0.000000,0.000000,0.000000,0.000000,-11.800140,0.4883,6140,1991,223,13,269,-12.616894
143,2025-12-09T14:33:53.022811,-9.142379,585.6157,0.000000,0.000000,0.000000,0.000000,0.000000,0.000000,-11.773563,0.4859,5975,1991,223,13,238,-10.053150
144,2025-12-09T14:33:59.870817,-20.327881,796.8224,0.000000,0.000000,0.000000,0.000000,0.000000,0.000000,-11.859106,0.4834,6554,1991,223,15,180,-22.882062
145,2025-12-09T14:34:06.440117,-10.790944,576.5688,0.000000,0.000000,0.000000,0.000000,0.000000,0.000000,-11.848424,0.4810,6272,1991,223,13,197,-11.879645
146,2025-12-09T14:34:12.620113,-19.675559,930.4752,0.000000,0.000000,0.000000,0.000000,0.000000,0.000000,-11.926695,0.4786,5924,1991,223,15,172,-22.105951
147,2025-12-09T14:34:18.776742,-15.857602,638.6140,0.000000,0.000000,0.000000,0.000000,0.000000,0.000000,-11.966004,0.4762,5873,1991,223,14,247,-17.620927
148,2025-12-09T14:34:25.114286,-14.898137,620.0897,0.000000,0.000000,0.000000,0.000000,0.000000,0.000000,-11.995326,0.4738,6097,1991,223,13,158,-16.423603
149,2025-12-09T14:34:31.814059,-15.155124,679.7008,0.000000,0.337094,0.337094,19.520624,5.216708,12.967201,-12.026924,0.4715,6042,1991,223,14,201,-16.792452
150,2025-12-09T14:34:38.322920,-18.158895,731.0600,0.000000,0.000000,0.000000,0.000000,0.000000,0.000000,-12.088244,0.4691,6142,1991,229,14,237,-20.099175
151,2025-12-09T14:34:44.612503,-18.539532,836.2991,0.000000,0.000000,0.000000,0.000000,0.000000,0.000000,-12.152756,0.4668,6002,1991,229,15,194,-20.781784
152,2025-12-09T14:34:50.803542,-22.440955,760.9558,0.000000,0.000000,0.000000,0.000000,0.000000,0.000000,-12.255638,0.4644,5826,1991,229,15,147,-25.096980
153,2025-12-09T14:34:57.905849,-20.286321,782.3064,0.000000,0.000000,0.000000,0.000000,0.000000,0.000000,-12.335945,0.4621,6773,1991,229,15,198,-22.775213
154,2025-12-09T14:35:04.524899,-26.797438,861.0775,0.000000,0.000000,0.000000,0.000000,0.000000,0.000000,-12.480560,0.4598,6284,1991,229,16,161,-30.213419
155,2025-12-09T14:35:10.851922,-19.619987,773.5228,0.000000,0.000000,0.000000,0.000000,0.000000,0.000000,-12.551954,0.4575,6051,1991,229,15,268,-22.018841
156,2025-12-09T14:35:16.974922,-25.435465,920.0177,0.000000,0.000000,0.000000,0.000000,0.000000,0.000000,-12.680790,0.4552,5891,1991,229,16,123,-28.923997
157,2025-12-09T14:35:23.582903,-19.352447,906.3054,0.000000,0.000000,0.000000,0.000000,0.000000,0.000000,-12.747506,0.4529,6296,1991,229,15,158,-21.720312
158,2025-12-09T14:35:30.811893,-20.572387,874.4552,0.000000,0.000000,0.000000,0.000000,0.000000,0.000000,-12.825755,0.4507,6881,1991,229,15,260,-23.057511
159,2025-12-09T14:35:37.477631,-24.830755,909.2883,0.000000,0.312376,0.312376,106.605270,5.192259,12.385054,-12.945805,0.4484,6211,1991,229,16,169,-28.240010
160,2025-12-09T14:35:43.826490,-13.692252,610.9717,0.000000,0.000000,0.000000,0.000000,0.000000,0.000000,-12.953269,0.4462,6010,1991,215,14,222,-15.256683
161,2025-12-09T14:35:50.030154,-8.146747,534.4075,0.000000,0.000000,0.000000,0.000000,0.000000,0.000000,-12.905204,0.4440,5915,1991,215,13,129,-8.997981
162,2025-12-09T14:35:56.107046,-16.370242,660.8259,0.000000,0.000000,0.000000,0.000000,0.000000,0.000000,-12.939855,0.4417,5794,1991,215,14,204,-18.172605
163,2025-12-09T14:36:02.625886,-9.937134,536.9942,0.000000,0.000000,0.000000,0.000000,0.000000,0.000000,-12.909827,0.4395,6264,1991,215,13,239,-10.926566
164,2025-12-09T14:36:08.605426,-8.365207,529.9294,0.000000,0.000000,0.000000,0.000000,0.000000,0.000000,-12.864381,0.4373,5738,1991,215,13,133,-9.251843
165,2025-12-09T14:36:14.790295,-14.430891,705.8811,0.000000,0.000000,0.000000,0.000000,0.000000,0.000000,-12.880046,0.4351,5810,1991,215,14,213,-16.083386
166,2025-12-09T14:36:21.031062,-15.255303,641.4190,0.000000,0.000000,0.000000,0.000000,0.000000,0.000000,-12.903799,0.4330,5929,1991,215,14,188,-16.873014
167,2025-12-09T14:36:27.248002,-14.208230,760.9963,0.000000,0.000000,0.000000,0.000000,0.000000,0.000000,-12.916843,0.4308,5902,1991,215,14,214,-15.848340
168,2025-12-09T14:36:33.441210,-19.079345,728.2317,0.000000,0.000000,0.000000,0.000000,0.000000,0.000000,-12.978468,0.4286,5908,1991,215,15,158,-21.501734
169,2025-12-09T14:36:40.146665,-12.352484,662.7692,0.000000,0.316075,0.316075,12.952253,5.159220,11.450322,-12.972208,0.4265,6274,1991,215,14,122,-13.839727
170,2025-12-09T14:36:46.430415,-30.152645,913.2237,0.000000,0.000000,0.000000,0.000000,0.000000,0.000000,-13.144013,0.4244,5948,1991,225,15,329,-33.723879
171,2025-12-09T14:36:52.410279,-27.907939,968.5435,0.000000,0.000000,0.000000,0.000000,0.000000,0.000000,-13.291652,0.4223,5668,1991,225,16,194,-31.491554
172,2025-12-09T14:36:58.700985,-34.883682,1004.1326,0.000000,0.000000,0.000000,0.000000,0.000000,0.000000,-13.507572,0.4201,6003,1991,225,16,226,-39.337641
173,2025-12-09T14:37:04.945052,-27.782141,964.3097,0.000000,0.000000,0.000000,0.000000,0.000000,0.000000,-13.650318,0.4180,5897,1991,225,16,155,-31.516876
174,2025-12-09T14:37:10.762968,-29.672835,985.0542,0.000000,0.000000,0.000000,0.000000,0.000000,0.000000,-13.810543,0.4159,5510,1991,225,16,205,-33.597713
175,2025-12-09T14:37:16.802394,-28.872379,1006.9950,0.000000,0.000000,0.000000,0.000000,0.000000,0.000000,-13.961161,0.4139,5730,1991,225,16,204,-32.592799
176,2025-12-09T14:37:22.820927,-28.015742,1000.6671,0.000000,0.000000,0.000000,0.000000,0.000000,0.000000,-14.101707,0.4118,5727,1991,225,16,127,-31.660564
177,2025-12-09T14:37:29.020841,-28.896962,987.2312,0.000000,0.000000,0.000000,0.000000,0.000000,0.000000,-14.249660,0.4097,5921,1991,225,16,159,-32.623701
178,2025-12-09T14:37:35.453112,-20.769930,911.5905,0.000000,0.000000,0.000000,0.000000,0.000000,0.000000,-14.314862,0.4077,6158,1991,225,15,152,-23.363688
179,2025-12-09T14:37:42.644132,-31.616249,1111.8085,0.000000,0.245826,0.245826,294.666382,5.159115,14.412851,-14.487876,0.4057,6706,1991,225,17,122,-36.212450
180,2025-12-09T14:37:48.840214,-5.727695,355.4856,0.000000,0.000000,0.000000,0.000000,0.000000,0.000000,-14.400275,0.4036,5841,1991,228,12,213,-6.260107
181,2025-12-09T14:37:55.244420,-4.591782,361.7703,0.000000,0.000000,0.000000,0.000000,0.000000,0.000000,-14.302190,0.4016,6009,1991,228,12,188,-5.037725
182,2025-12-09T14:38:01.664266,-10.454907,414.1712,0.000000,0.000000,0.000000,0.000000,0.000000,0.000000,-14.263717,0.3996,6139,1991,228,13,292,-11.508098
183,2025-12-09T14:38:08.180439,-8.921942,405.4085,0.000000,0.000000,0.000000,0.000000,0.000000,0.000000,-14.210299,0.3976,6247,1991,228,13,196,-9.843979
184,2025-12-09T14:38:14.851202,-9.874754,434.6856,0.000000,0.000000,0.000000,0.000000,0.000000,0.000000,-14.166944,0.3956,6371,1991,228,13,257,-10.874486
185,2025-12-09T14:38:21.296614,-6.596940,378.6677,0.000000,0.000000,0.000000,0.000000,0.000000,0.000000,-14.091244,0.3936,6039,1991,228,13,136,-7.316079
186,2025-12-09T14:38:27.910041,-8.902705,471.2766,0.000000,0.000000,0.000000,0.000000,0.000000,0.000000,-14.039358,0.3917,6315,1991,228,13,166,-9.841635
187,2025-12-09T14:38:34.474085,-9.258086,369.9251,0.000000,0.000000,0.000000,0.000000,0.000000,0.000000,-13.991545,0.3897,6276,1991,228,13,261,-10.195574
188,2025-12-09T14:38:40.917196,-6.448123,354.9862,0.000000,0.000000,0.000000,0.000000,0.000000,0.000000,-13.916111,0.3878,6151,1991,228,12,225,-7.049925
189,2025-12-09T14:38:47.289019,-9.394415,388.5346,0.000000,0.348793,0.348793,20.743464,5.147740,14.670489,-13.870894,0.3858,5892,1991,228,13,231,-10.354354
190,2025-12-09T14:38:54.042746,-10.949232,500.0141,0.000000,0.000000,0.000000,0.000000,0.000000,0.000000,-13.841678,0.3839,6365,1991,224,13,233,-12.077573
191,2025-12-09T14:39:00.652916,-18.415597,660.2875,0.000000,0.000000,0.000000,0.000000,0.000000,0.000000,-13.887417,0.3820,6318,1991,224,15,134,-20.812988
192,2025-12-09T14:39:07.131327,-7.246089,451.8837,0.000000,0.000000,0.000000,0.000000,0.000000,0.000000,-13.821004,0.3801,6186,1991,224,12,185,-7.902558
193,2025-12-09T14:39:13.655154,-5.529897,444.5555,0.000000,0.000000,0.000000,0.000000,0.000000,0.000000,-13.738092,0.3782,6160,1991,224,12,235,-6.007723
194,2025-12-09T14:39:20.024059,-21.782567,676.8168,0.000000,0.000000,0.000000,0.000000,0.000000,0.000000,-13.818537,0.3763,6096,1991,224,15,202,-24.388669
195,2025-12-09T14:39:26.626566,-18.902084,684.7261,0.000000,0.000000,0.000000,0.000000,0.000000,0.000000,-13.869373,0.3744,6325,1991,224,15,136,-21.291055
196,2025-12-09T14:39:33.027051,-12.665763,564.6093,0.000000,0.000000,0.000000,0.000000,0.000000,0.000000,-13.857337,0.3725,6119,1991,224,14,132,-14.120065
197,2025-12-09T14:39:39.556617,-7.987180,466.2477,0.000000,0.000000,0.000000,0.000000,0.000000,0.000000,-13.798635,0.3707,6213,1991,224,12,199,-8.640922
198,2025-12-09T14:39:45.900313,-6.280002,449.6413,0.000000,0.000000,0.000000,0.000000,0.000000,0.000000,-13.723449,0.3688,6035,1991,224,12,202,-6.844814
199,2025-12-09T14:39:52.674417,-13.896961,558.8518,0.000000,0.329195,0.329195,30.156128,5.127359,18.541101,-13.725184,0.3670,6241,1991,224,14,212,-15.425904
200,2025-12-09T14:39:59.569418,-19.425153,914.8540,0.000000,0.000000,0.000000,0.000000,0.000000,0.000000,-13.782184,0.3651,6486,1991,233,15,138,-21.877864
201,2025-12-09T14:40:06.251046,-12.197286,709.8815,0.000000,0.000000,0.000000,0.000000,0.000000,0.000000,-13.766335,0.3633,6423,1991,233,14,195,-13.621465
202,2025-12-09T14:40:12.650822,-15.187442,802.2412,0.000000,0.000000,0.000000,0.000000,0.000000,0.000000,-13.780546,0.3615,6087,1991,233,14,169,-16.916371
203,2025-12-09T14:40:19.314099,-14.507622,653.5731,0.000000,0.000000,0.000000,0.000000,0.000000,0.000000,-13.787816,0.3597,6340,1991,233,14,198,-16.100197
204,2025-12-09T14:40:25.602265,-17.388583,735.9646,0.000000,0.000000,0.000000,0.000000,0.000000,0.000000,-13.823824,0.3579,5944,1991,233,14,208,-19.291139
205,2025-12-09T14:40:32.022552,-15.476704,708.5304,0.000000,0.000000,0.000000,0.000000,0.000000,0.000000,-13.840353,0.3561,6087,1991,233,14,245,-17.207847
206,2025-12-09T14:40:38.644828,-14.330088,791.9055,0.000000,0.000000,0.000000,0.000000,0.000000,0.000000,-13.845250,0.3543,6318,1991,233,14,226,-15.931630
207,2025-12-09T14:40:45.398852,-14.182931,890.1295,0.000000,0.000000,0.000000,0.000000,0.000000,0.000000,-13.848627,0.3525,6455,1991,233,14,187,-15.769243
208,2025-12-09T14:40:51.642998,-19.123833,855.2556,0.000000,0.000000,0.000000,0.000000,0.000000,0.000000,-13.901379,0.3508,5900,1991,233,15,168,-21.529922
209,2025-12-09T14:40:58.475758,-13.967050,775.2974,0.000000,0.313750,0.313750,15.049357,5.125985,13.325668,-13.902036,0.3490,6281,1991,233,14,198,-15.607159
210,2025-12-09T14:41:05.211762,-9.473055,482.8795,0.000000,0.000000,0.000000,0.000000,0.000000,0.000000,-13.857746,0.3473,6347,1991,222,13,176,-10.468358
211,2025-12-09T14:41:11.860829,-4.649917,426.5890,0.000000,0.000000,0.000000,0.000000,0.000000,0.000000,-13.765668,0.3455,6324,1991,222,12,169,-5.067374
212,2025-12-09T14:41:18.405559,-13.933821,461.2035,0.000000,0.000000,0.000000,0.000000,0.000000,0.000000,-13.767349,0.3438,6259,1991,222,13,179,-15.269251
213,2025-12-09T14:41:24.666420,-6.566172,404.4798,0.000000,0.000000,0.000000,0.000000,0.000000,0.000000,-13.695337,0.3421,5954,1991,222,12,225,-7.144980
214,2025-12-09T14:41:31.426469,-7.697677,419.5566,0.000000,0.000000,0.000000,0.000000,0.000000,0.000000,-13.635361,0.3404,6476,1991,222,13,134,-8.542032
215,2025-12-09T14:41:38.116130,-6.719926,429.4455,0.000000,0.000000,0.000000,0.000000,0.000000,0.000000,-13.566206,0.3387,6444,1991,222,13,226,-7.424906
216,2025-12-09T14:41:44.791053,-8.668509,510.2788,0.000000,0.000000,0.000000,0.000000,0.000000,0.000000,-13.517229,0.3370,6358,1991,222,13,167,-9.582506
217,2025-12-09T14:41:51.732657,-10.304159,433.2615,0.000000,0.000000,0.000000,0.000000,0.000000,0.000000,-13.485099,0.3353,6577,1991,222,13,251,-11.352078
218,2025-12-09T14:41:58.480202,-7.098856,443.8082,0.000000,0.000000,0.000000,0.000000,0.000000,0.000000,-13.421236,0.3336,6485,1991,222,13,230,-7.860664
219,2025-12-09T14:42:05.518153,-8.689263,547.1391,0.000000,0.288429,0.288429,22.705370,5.074130,12.426475,-13.373917,0.3320,6610,1991,222,13,115,-9.661866
220,2025-12-09T14:42:11.880979,-21.226711,914.6321,0.000000,0.000000,0.000000,0.000000,0.000000,0.000000,-13.452445,0.3303,6031,1991,224,15,133,-23.901343
221,2025-12-09T14:42:18.183516,-20.130647,902.8746,0.000000,0.000000,0.000000,0.000000,0.000000,0.000000,-13.519227,0.3286,6005,1991,224,15,167,-22.627725
222,2025-12-09T14:42:24.280376,-14.598880,874.1254,0.000000,0.000000,0.000000,0.000000,0.000000,0.000000,-13.530023,0.3270,5773,1991,224,14,230,-16.324940
223,2025-12-09T14:42:30.524648,-23.597560,956.9267,0.000000,0.000000,0.000000,0.000000,0.000000,0.000000,-13.630699,0.3254,5968,1991,224,15,192,-26.450060
224,2025-12-09T14:42:37.230476,-22.190964,919.6507,0.000000,0.000000,0.000000,0.000000,0.000000,0.000000,-13.716301,0.3237,6368,1991,224,15,148,-24.929296
225,2025-12-09T14:42:43.953234,-21.787244,903.5332,0.000000,0.000000,0.000000,0.000000,0.000000,0.000000,-13.797011,0.3221,6454,1991,224,15,170,-24.489176
226,2025-12-09T14:42:50.628843,-21.658017,939.5123,0.000000,0.000000,0.000000,0.000000,0.000000,0.000000,-13.875621,0.3205,6324,1991,224,15,170,-24.332615
227,2025-12-09T14:42:57.512512,-15.390997,797.6001,0.000000,0.000000,0.000000,0.000000,0.000000,0.000000,-13.890774,0.3189,6541,1991,224,14,174,-17.206425
228,2025-12-09T14:43:04.152105,-18.423527,796.8437,0.000000,0.000000,0.000000,0.000000,0.000000,0.000000,-13.936102,0.3173,6362,1991,224,14,253,-20.455025
229,2025-12-09T14:43:11.193103,-21.180366,875.5172,0.000000,0.313399,0.313399,63.129742,5.087108,20.083954,-14.008545,0.3157,6598,1991,224,15,112,-23.845488
230,2025-12-09T14:43:18.130255,-20.131111,690.9595,0.000000,0.000000,0.000000,0.000000,0.000000,0.000000,-14.069770,0.3141,6610,1991,227,14,226,-22.293299
231,2025-12-09T14:43:24.296640,-15.499018,724.3920,0.000000,0.000000,0.000000,0.000000,0.000000,0.000000,-14.084063,0.3126,5863,1991,227,14,127,-17.246443
232,2025-12-09T14:43:30.397233,-17.958738,754.7625,0.000000,0.000000,0.000000,0.000000,0.000000,0.000000,-14.122809,0.3110,5803,1991,227,14,174,-19.847176
233,2025-12-09T14:43:37.104322,-15.736814,818.0916,0.000000,0.000000,0.000000,0.000000,0.000000,0.000000,-14.138950,0.3095,6321,1991,227,14,200,-17.502884
234,2025-12-09T14:43:43.134863,-14.702652,825.4712,0.000000,0.000000,0.000000,0.000000,0.000000,0.000000,-14.144587,0.3079,5760,1991,227,14,120,-16.474639
235,2025-12-09T14:43:49.375745,-14.477823,796.5244,0.000000,0.000000,0.000000,0.000000,0.000000,0.000000,-14.147919,0.3064,5981,1991,227,14,160,-16.193332
236,2025-12-09T14:43:56.008639,-15.977836,736.2270,0.000000,0.000000,0.000000,0.000000,0.000000,0.000000,-14.166218,0.3048,6310,1991,227,14,173,-17.819307
237,2025-12-09T14:44:02.357543,-15.307037,764.4352,0.000000,0.000000,0.000000,0.000000,0.000000,0.000000,-14.177626,0.3033,6085,1991,227,14,248,-17.064086
238,2025-12-09T14:44:08.480941,-17.515285,802.2406,0.000000,0.000000,0.000000,0.000000,0.000000,0.000000,-14.211003,0.3018,5849,1991,227,14,201,-19.453985
239,2025-12-09T14:44:15.313178,-15.030238,762.7062,0.000000,0.311068,0.311068,15.550783,5.024162,21.921795,-14.219195,0.3003,6391,1991,227,14,151,-16.733073
240,2025-12-09T14:44:21.888956,-16.029272,775.2743,0.000000,0.000000,0.000000,0.000000,0.000000,0.000000,-14.237296,0.2988,6188,1991,220,14,180,-17.854399
241,2025-12-09T14:44:28.466913,-16.314464,763.8087,0.000000,0.000000,0.000000,0.000000,0.000000,0.000000,-14.258068,0.2973,6296,1991,220,14,187,-18.163890
242,2025-12-09T14:44:34.806216,-16.727266,781.7991,0.000000,0.000000,0.000000,0.000000,0.000000,0.000000,-14.282760,0.2958,6066,1991,220,14,224,-18.630973
243,2025-12-09T14:44:41.163753,-19.715445,864.3556,0.000000,0.000000,0.000000,0.000000,0.000000,0.000000,-14.337087,0.2943,6069,1991,220,15,163,-22.125642
244,2025-12-09T14:44:48.334027,-18.091469,785.1096,0.000000,0.000000,0.000000,0.000000,0.000000,0.000000,-14.374630,0.2929,6878,1991,220,14,184,-20.139972
245,2025-12-09T14:44:54.482301,-20.223364,981.1877,0.000000,0.000000,0.000000,0.000000,0.000000,0.000000,-14.433118,0.2914,5831,1991,220,15,209,-22.662402
246,2025-12-09T14:45:01.196337,-21.281784,797.2478,0.000000,0.000000,0.000000,0.000000,0.000000,0.000000,-14.501604,0.2899,6403,1991,220,15,169,-23.843743
247,2025-12-09T14:45:07.680360,-15.144238,787.6475,0.000000,0.000000,0.000000,0.000000,0.000000,0.000000,-14.508031,0.2885,6181,1991,220,14,124,-16.956596
248,2025-12-09T14:45:14.262792,-18.243492,1072.0997,0.000000,0.000000,0.000000,0.000000,0.000000,0.000000,-14.545385,0.2870,6275,1991,220,15,215,-20.472960
249,2025-12-09T14:45:20.681362,-14.815281,797.6128,0.000000,0.334312,0.334312,28.309580,5.011955,19.636185,-14.548084,0.2856,5977,1991,220,14,146,-16.625689
250,2025-12-09T14:45:27.121954,-27.945465,919.3581,0.000000,0.000000,0.000000,0.000000,0.000000,0.000000,-14.682058,0.2842,6065,1991,225,16,211,-31.625441
251,2025-12-09T14:45:33.595113,-28.334162,1007.2820,0.000000,0.000000,0.000000,0.000000,0.000000,0.000000,-14.818579,0.2828,6150,1991,225,16,142,-32.107829
252,2025-12-09T14:45:39.836252,-30.568854,980.6196,0.000000,0.000000,0.000000,0.000000,0.000000,0.000000,-14.976082,0.2813,5864,1991,225,16,172,-34.452099
253,2025-12-09T14:45:46.093050,-25.894855,924.0467,0.000000,0.000000,0.000000,0.000000,0.000000,0.000000,-15.085270,0.2799,5989,1991,225,16,169,-29.396190
254,2025-12-09T14:45:52.200412,-26.265026,921.5194,0.000000,0.000000,0.000000,0.000000,0.000000,0.000000,-15.197067,0.2785,5816,1991,225,16,223,-29.818383
255,2025-12-09T14:45:58.793904,-29.179691,914.8680,0.000000,0.000000,0.000000,0.000000,0.000000,0.000000,-15.336893,0.2771,6264,1991,225,16,189,-32.947493
256,2025-12-09T14:46:05.441163,-27.796134,938.9223,0.000000,0.000000,0.000000,0.000000,0.000000,0.000000,-15.461486,0.2758,6339,1991,225,16,181,-31.435145
257,2025-12-09T14:46:11.877046,-25.254800,946.2251,0.000000,0.000000,0.000000,0.000000,0.000000,0.000000,-15.559419,0.2744,6136,1991,225,16,227,-28.642858
258,2025-12-09T14:46:18.772030,-26.197990,1013.5722,0.000000,0.000000,0.000000,0.000000,0.000000,0.000000,-15.665805,0.2730,6557,1991,225,16,133,-29.769127
259,2025-12-09T14:46:25.715426,-28.396310,990.3148,0.000000,0.323976,0.323976,218.758469,4.957592,26.049408,-15.793110,0.2716,6483,1991,225,16,150,-32.116532
260,2025-12-09T14:46:32.456768,-13.627450,412.3821,0.000000,0.000000,0.000000,0.000000,0.000000,0.000000,-15.771453,0.2703,6353,1991,231,13,223,-14.991440
261,2025-12-09T14:46:39.314226,-8.202177,477.9595,0.000000,0.000000,0.000000,0.000000,0.000000,0.000000,-15.695760,0.2689,6547,1991,231,13,205,-9.110658
262,2025-12-09T14:46:45.904861,-7.889910,489.1099,0.000000,0.000000,0.000000,0.000000,0.000000,0.000000,-15.617702,0.2676,6276,1991,231,13,161,-8.775158
263,2025-12-09T14:46:52.516916,-8.626524,408.9522,0.000000,0.000000,0.000000,0.000000,0.000000,0.000000,-15.547790,0.2663,6311,1991,231,13,142,-9.593619
264,2025-12-09T14:46:59.154497,-8.879229,455.4680,0.000000,0.000000,0.000000,0.000000,0.000000,0.000000,-15.481104,0.2649,6347,1991,231,13,206,-9.815167
265,2025-12-09T14:47:05.912439,-8.863459,467.5480,0.000000,0.000000,0.000000,0.000000,0.000000,0.000000,-15.414928,0.2636,6487,1991,231,13,111,-9.815804
266,2025-12-09T14:47:12.597263,-8.761965,362.5866,0.000000,0.000000,0.000000,0.000000,0.000000,0.000000,-15.348398,0.2623,6362,1991,231,13,241,-9.701714
267,2025-12-09T14:47:19.551159,-9.618981,307.2566,0.000000,0.000000,0.000000,0.000000,0.000000,0.000000,-15.291104,0.2610,6502,1991,231,13,171,-10.634679
268,2025-12-09T14:47:26.583893,-9.305220,323.3966,0.000000,0.000000,0.000000,0.000000,0.000000,0.000000,-15.231245,0.2597,6693,1991,231,13,240,-10.297543
269,2025-12-09T14:47:33.683087,-8.502342,436.4582,0.000000,0.240916,0.240916,16.137199,4.966483,22.279448,-15.163956,0.2584,6632,1991,231,13,133,-9.418781
270,2025-12-09T14:47:40.569092,-15.120863,689.2600,0.000000,0.000000,0.000000,0.000000,0.000000,0.000000,-15.163525,0.2571,6476,1991,223,14,156,-16.840240
271,2025-12-09T14:47:47.388879,-14.906530,969.5479,0.000000,0.000000,0.000000,0.000000,0.000000,0.000000,-15.160955,0.2558,6518,1991,223,14,164,-16.694327
272,2025-12-09T14:47:53.736163,-13.275054,711.6681,0.000000,0.000000,0.000000,0.000000,0.000000,0.000000,-15.142096,0.2545,6037,1991,223,14,143,-14.776376
273,2025-12-09T14:48:00.033321,-16.639705,905.5583,0.000000,0.000000,0.000000,0.000000,0.000000,0.000000,-15.157072,0.2532,6020,1991,223,14,182,-18.453040
274,2025-12-09T14:48:06.090979,-19.727434,885.9568,0.000000,0.000000,0.000000,0.000000,0.000000,0.000000,-15.202776,0.2520,5796,1991,223,15,209,-22.222337
275,2025-12-09T14:48:12.541786,-13.205000,746.6976,0.000000,0.000000,0.000000,0.000000,0.000000,0.000000,-15.182798,0.2507,6126,1991,223,14,129,-14.752992
276,2025-12-09T14:48:19.415624,-22.482077,868.1792,0.000000,0.000000,0.000000,0.000000,0.000000,0.000000,-15.255791,0.2495,6500,1991,223,15,217,-25.190182
277,2025-12-09T14:48:25.993665,-14.590310,804.9767,0.000000,0.000000,0.000000,0.000000,0.000000,0.000000,-15.249136,0.2482,6305,1991,223,14,152,-16.288250
278,2025-12-09T14:48:32.351330,-23.253642,899.2513,0.000000,0.000000,0.000000,0.000000,0.000000,0.000000,-15.329181,0.2470,6043,1991,223,15,149,-26.031050
279,2025-12-09T14:48:39.449441,-20.443895,915.1865,0.000000,0.346977,0.346977,31.492193,4.885747,26.230930,-15.380328,0.2457,6658,1991,223,15,221,-23.006031
280,2025-12-09T14:48:46.378591,-11.508793,566.3184,0.000000,0.000000,0.000000,0.000000,0.000000,0.000000,-15.341613,0.2445,6599,1991,226,13,155,-12.659515
281,2025-12-09T14:48:53.260892,-9.805100,572.3945,0.000000,0.000000,0.000000,0.000000,0.000000,0.000000,-15.286248,0.2433,6575,1991,226,13,223,-10.827269
282,2025-12-09T14:48:59.603044,-28.599566,900.6033,0.000000,0.000000,0.000000,0.000000,0.000000,0.000000,-15.419381,0.2421,6043,1991,226,16,178,-32.370226
283,2025-12-09T14:49:06.366531,-8.013339,627.7896,0.000000,0.000000,0.000000,0.000000,0.000000,0.000000,-15.345321,0.2409,6474,1991,226,13,153,-8.860429
284,2025-12-09T14:49:12.423415,-9.626335,597.2442,0.000000,0.000000,0.000000,0.000000,0.000000,0.000000,-15.288131,0.2397,5785,1991,226,13,173,-10.644255
285,2025-12-09T14:49:19.317287,-8.693925,594.5442,0.000000,0.000000,0.000000,0.000000,0.000000,0.000000,-15.222189,0.2385,6535,1991,226,13,145,-9.635092
286,2025-12-09T14:49:25.758879,-11.805128,666.5322,0.000000,0.000000,0.000000,0.000000,0.000000,0.000000,-15.188018,0.2373,6159,1991,226,14,177,-13.135883
287,2025-12-09T14:49:32.334405,-8.254267,632.9154,0.000000,0.000000,0.000000,0.000000,0.000000,0.000000,-15.118681,0.2361,6274,1991,226,13,163,-9.113249
288,2025-12-09T14:49:38.623608,-26.155251,871.7547,0.000000,0.000000,0.000000,0.000000,0.000000,0.000000,-15.229046,0.2349,5939,1991,226,16,134,-29.565807
289,2025-12-09T14:49:45.137092,-18.832130,799.0603,0.000000,0.325527,0.325527,53.907257,4.881044,22.306736,-15.265077,0.2337,5997,1991,226,15,167,-21.179359
290,2025-12-09T14:49:51.416771,-17.322623,601.0964,0.000000,0.000000,0.000000,0.000000,0.000000,0.000000,-15.285653,0.2326,5935,1991,228,14,217,-19.218892
291,2025-12-09T14:49:58.611956,-8.319956,527.1301,0.000000,0.000000,0.000000,0.000000,0.000000,0.000000,-15.215996,0.2314,6889,1991,228,13,206,-9.191680
292,2025-12-09T14:50:04.934851,-9.937587,616.8217,0.000000,0.000000,0.000000,0.000000,0.000000,0.000000,-15.163212,0.2302,6027,1991,228,13,162,-11.005312
293,2025-12-09T14:50:11.263466,-10.247010,583.7579,0.000000,0.000000,0.000000,0.000000,0.000000,0.000000,-15.114050,0.2291,6013,1991,228,13,213,-11.316589
294,2025-12-09T14:50:18.134656,-8.229659,552.3172,0.000000,0.000000,0.000000,0.000000,0.000000,0.000000,-15.045206,0.2279,6575,1991,228,13,172,-9.108209
295,2025-12-09T14:50:25.322036,-11.940192,567.9912,0.000000,0.000000,0.000000,0.000000,0.000000,0.000000,-15.014156,0.2268,6905,1991,228,14,284,-13.282886
296,2025-12-09T14:50:32.502768,-8.299747,563.9120,0.000000,0.000000,0.000000,0.000000,0.000000,0.000000,-14.947012,0.2257,6830,1991,228,13,200,-9.148203
297,2025-12-09T14:50:39.710281,-10.901730,561.0183,0.000000,0.000000,0.000000,0.000000,0.000000,0.000000,-14.906559,0.2245,6813,1991,228,13,187,-11.988022
298,2025-12-09T14:50:47.067949,-10.728591,603.2123,0.000000,0.000000,0.000000,0.000000,0.000000,0.000000,-14.864779,0.2234,7060,1991,228,13,147,-11.874380
299,2025-12-09T14:50:54.452675,-9.053634,544.7658,0.000000,0.263159,0.263159,13.899953,4.895076,27.221516,-14.806668,0.2223,6790,1991,228,13,182,-9.977900
300,2025-12-09T14:51:01.890926,-20.363339,815.6571,0.000000,0.000000,0.000000,0.000000,0.000000,0.000000,-14.862234,0.2212,7039,1991,225,15,240,-22.800631
301,2025-12-09T14:51:09.157858,-16.098497,709.5050,0.000000,0.000000,0.000000,0.000000,0.000000,0.000000,-14.874597,0.2201,6939,1991,225,14,217,-17.898121
302,2025-12-09T14:51:16.612497,-20.673329,977.3922,0.000000,0.000000,0.000000,0.000000,0.000000,0.000000,-14.932584,0.2190,7077,1991,225,15,179,-23.185416
303,2025-12-09T14:51:23.856089,-20.122459,959.9348,0.000000,0.000000,0.000000,0.000000,0.000000,0.000000,-14.984483,0.2179,6837,1991,225,15,183,-22.566813
304,2025-12-09T14:51:31.540151,-20.272852,873.6486,0.000000,0.000000,0.000000,0.000000,0.000000,0.000000,-15.037367,0.2168,7361,1991,225,15,176,-22.723895
305,2025-12-09T14:51:39.507688,-21.856833,862.4772,0.000000,0.000000,0.000000,0.000000,0.000000,0.000000,-15.105561,0.2157,7625,1991,225,15,124,-24.573502
306,2025-12-09T14:51:47.458555,-19.668676,869.1006,0.000000,0.000000,0.000000,0.000000,0.000000,0.000000,-15.151192,0.2146,7529,1991,225,15,247,-22.019617
307,2025-12-09T14:51:54.335050,-20.157182,822.1284,0.000000,0.000000,0.000000,0.000000,0.000000,0.000000,-15.201252,0.2136,6532,1991,225,15,176,-22.670505
308,2025-12-09T14:52:01.251164,-18.806522,871.9706,0.000000,0.000000,0.000000,0.000000,0.000000,0.000000,-15.237305,0.2125,6611,1991,225,15,179,-21.184615
309,2025-12-09T14:52:08.145841,-21.043630,958.7764,0.000000,0.264374,0.264374,46.070751,4.877309,30.040644,-15.295368,0.2114,6308,1991,225,15,267,-23.610671
310,2025-12-09T14:52:15.076181,-13.532523,533.0110,0.000000,0.000000,0.000000,0.000000,0.000000,0.000000,-15.277740,0.2104,6601,1991,218,13,194,-14.909519
311,2025-12-09T14:52:21.744658,-12.018576,566.2489,0.000000,0.000000,0.000000,0.000000,0.000000,0.000000,-15.245148,0.2093,6349,1991,218,13,181,-13.222934
312,2025-12-09T14:52:28.451312,-12.164722,493.7682,0.000000,0.000000,0.000000,0.000000,0.000000,0.000000,-15.214344,0.2083,6373,1991,218,13,210,-13.370620
313,2025-12-09T14:52:35.147029,-12.830130,535.2108,0.000000,0.000000,0.000000,0.000000,0.000000,0.000000,-15.190502,0.2072,6402,1991,218,13,165,-14.224340
314,2025-12-09T14:52:42.054632,-9.941428,536.9132,0.000000,0.000000,0.000000,0.000000,0.000000,0.000000,-15.138011,0.2062,6590,1991,218,13,171,-10.960559
315,2025-12-09T14:52:48.465940,-8.757342,578.3808,0.000000,0.000000,0.000000,0.000000,0.000000,0.000000,-15.074204,0.2052,6162,1991,218,13,172,-9.680714
316,2025-12-09T14:52:55.194725,-10.348648,543.6414,0.000000,0.000000,0.000000,0.000000,0.000000,0.000000,-15.026949,0.2041,6450,1991,218,13,174,-11.382124
317,2025-12-09T14:53:01.564273,-8.256036,585.4524,0.000000,0.000000,0.000000,0.000000,0.000000,0.000000,-14.959240,0.2031,6086,1991,218,13,144,-9.127033
318,2025-12-09T14:53:07.587159,-10.380500,512.8862,0.000000,0.000000,0.000000,0.000000,0.000000,0.000000,-14.913452,0.2021,5752,1991,218,13,196,-11.481815
319,2025-12-09T14:53:14.497087,-10.449333,492.2156,0.000000,0.328469,0.328469,8.669291,4.810633,26.127804,-14.868811,0.2011,6394,1991,218,13,201,-11.516106
320,2025-12-09T14:53:21.730624,-16.746144,678.2708,0.000000,0.000000,0.000000,0.000000,0.000000,0.000000,-14.887584,0.2001,6809,1991,218,15,218,-18.885897
321,2025-12-09T14:53:28.920856,-17.955844,789.4406,0.000000,0.000000,0.000000,0.000000,0.000000,0.000000,-14.918267,0.1991,6850,1991,218,15,156,-20.164426
322,2025-12-09T14:53:36.015214,-11.018086,398.7032,0.000000,0.000000,0.000000,0.000000,0.000000,0.000000,-14.879265,0.1981,6740,1991,218,13,163,-12.119702
323,2025-12-09T14:53:43.026810,-12.930640,622.0503,0.000000,0.000000,0.000000,0.000000,0.000000,0.000000,-14.859779,0.1971,6694,1991,218,14,178,-14.428968
324,2025-12-09T14:53:50.104468,-15.415627,711.8110,0.000000,0.000000,0.000000,0.000000,0.000000,0.000000,-14.865337,0.1961,6764,1991,218,15,205,-17.378911
325,2025-12-09T14:53:57.093560,-12.069228,508.8356,0.000000,0.000000,0.000000,0.000000,0.000000,0.000000,-14.837376,0.1951,6668,1991,218,14,158,-13.490977
326,2025-12-09T14:54:04.306621,-8.422826,415.5713,0.000000,0.000000,0.000000,0.000000,0.000000,0.000000,-14.773231,0.1942,6894,1991,218,13,216,-9.288646
327,2025-12-09T14:54:11.068627,-14.639459,778.5834,0.000000,0.000000,0.000000,0.000000,0.000000,0.000000,-14.771893,0.1932,6441,1991,218,14,175,-16.213618
328,2025-12-09T14:54:17.922655,-15.454089,667.5059,0.000000,0.000000,0.000000,0.000000,0.000000,0.000000,-14.778715,0.1922,6534,1991,218,14,196,-17.091742
329,2025-12-09T14:54:24.438943,-7.655696,372.6973,0.000000,0.326159,0.326159,10.723420,4.851839,32.466961,-14.707485,0.1913,6076,1991,218,13,122,-8.470687
330,2025-12-09T14:54:31.316510,-13.093279,865.5006,0.000000,0.000000,0.000000,0.000000,0.000000,0.000000,-14.691343,0.1903,6491,1991,222,14,176,-14.590135
331,2025-12-09T14:54:38.794230,-18.454098,951.2965,0.000000,0.000000,0.000000,0.000000,0.000000,0.000000,-14.728970,0.1893,7018,1991,222,15,137,-20.768082
332,2025-12-09T14:54:46.221835,-20.305582,987.7590,0.000000,0.000000,0.000000,0.000000,0.000000,0.000000,-14.784736,0.1884,7047,1991,222,15,126,-22.805736
333,2025-12-09T14:54:53.702686,-14.901029,785.4241,0.000000,0.000000,0.000000,0.000000,0.000000,0.000000,-14.785899,0.1875,7019,1991,222,14,164,-16.575758
334,2025-12-09T14:55:01.155969,-18.072885,879.6451,0.000000,0.000000,0.000000,0.000000,0.000000,0.000000,-14.818769,0.1865,7114,1991,222,14,255,-19.983679
335,2025-12-09T14:55:08.541969,-16.204411,852.8890,0.000000,0.000000,0.000000,0.000000,0.000000,0.000000,-14.832626,0.1856,7011,1991,222,14,178,-18.010827
336,2025-12-09T14:55:16.358397,-20.322751,873.8159,0.000000,0.000000,0.000000,0.000000,0.000000,0.000000,-14.887527,0.1847,7497,1991,222,14,219,-22.493260
337,2025-12-09T14:55:24.704202,-20.710242,853.0203,0.000000,0.000000,0.000000,0.000000,0.000000,0.000000,-14.945754,0.1837,8000,1991,222,14,255,-22.910789
338,2025-12-09T14:55:32.276149,-15.555457,785.8765,0.000000,0.000000,0.000000,0.000000,0.000000,0.000000,-14.951851,0.1828,7187,1991,222,14,165,-17.260120
339,2025-12-09T14:55:40.476770,-20.757225,1035.5134,0.000000,0.336674,0.336674,26.558035,4.758879,33.376930,-15.009905,0.1819,7557,1991,222,15,209,-23.244266
340,2025-12-09T14:55:48.470005,-38.394674,1234.3280,0.000000,0.000000,0.000000,0.000000,0.000000,0.000000,-15.243753,0.1810,7583,1991,223,17,163,-43.732713
341,2025-12-09T14:55:55.906797,-48.868248,1289.7030,0.001005,0.000000,0.000000,0.000000,0.000000,0.000000,-15.579998,0.1801,7073,1989,223,17,181,-55.360077
342,2025-12-09T14:56:03.735623,-36.953896,1288.7729,0.000000,0.000000,0.000000,0.000000,0.000000,0.000000,-15.793736,0.1792,7377,1991,223,17,154,-41.938187
343,2025-12-09T14:56:11.075784,-37.191133,1303.0845,0.000000,0.000000,0.000000,0.000000,0.000000,0.000000,-16.007710,0.1783,6904,1991,223,17,187,-42.341676
344,2025-12-09T14:56:18.212038,-45.884030,1490.8738,0.003014,0.000000,0.000000,0.000000,0.000000,0.000000,-16.306474,0.1774,6775,1985,223,18,103,-52.673971
345,2025-12-09T14:56:25.454547,-48.912229,1374.2689,0.002009,0.000000,0.000000,0.000000,0.000000,0.000000,-16.632531,0.1765,6787,1987,223,18,223,-55.752256
346,2025-12-09T14:56:32.561296,-33.422553,1340.9630,0.001005,0.000000,0.000000,0.000000,0.000000,0.000000,-16.800431,0.1756,6765,1989,223,17,200,-38.099667
347,2025-12-09T14:56:39.915628,-50.853166,1251.3198,0.001507,0.000000,0.000000,0.000000,0.000000,0.000000,-17.140959,0.1748,6969,1988,223,18,206,-57.977350
348,2025-12-09T14:56:48.038108,-40.375958,1514.5945,0.002009,0.000000,0.000000,0.000000,0.000000,0.000000,-17.373309,0.1739,7714,1987,223,18,88,-46.523517
349,2025-12-09T14:56:55.789379,-34.915114,1457.0828,0.001005,0.349757,0.349757,828.487427,4.815076,30.753479,-17.548727,0.1730,6571,1989,223,17,206,-39.742306
350,2025-12-09T14:57:05.679193,-17.633646,796.7719,0.000000,0.000000,0.000000,0.000000,0.000000,0.000000,-17.549576,0.1721,7442,1991,220,14,183,-19.523937
351,2025-12-09T14:57:13.847918,-14.322682,812.2163,0.000000,0.000000,0.000000,0.000000,0.000000,0.000000,-17.517307,0.1713,7810,1991,220,14,166,-15.837029
352,2025-12-09T14:57:21.051738,-12.833718,822.3086,0.000000,0.000000,0.000000,0.000000,0.000000,0.000000,-17.470471,0.1704,6869,1991,220,14,123,-14.316059
353,2025-12-09T14:57:28.158656,-16.372696,792.8217,0.000000,0.000000,0.000000,0.000000,0.000000,0.000000,-17.459493,0.1696,6764,1991,220,14,123,-18.182964
354,2025-12-09T14:57:35.573431,-16.697278,865.5783,0.000000,0.000000,0.000000,0.000000,0.000000,0.000000,-17.451871,0.1687,7053,1991,220,14,189,-18.444095
355,2025-12-09T14:57:41.814368,-16.757354,833.2787,0.000000,0.000000,0.000000,0.000000,0.000000,0.000000,-17.444926,0.1679,5914,1991,220,14,189,-18.514266
356,2025-12-09T14:57:47.945547,-17.916071,840.0596,0.000000,0.000000,0.000000,0.000000,0.000000,0.000000,-17.449638,0.1670,5841,1991,220,14,204,-19.815646
357,2025-12-09T14:57:54.056849,-16.864438,862.8911,0.000000,0.000000,0.000000,0.000000,0.000000,0.000000,-17.443786,0.1662,5846,1991,220,14,199,-18.613458
358,2025-12-09T14:58:00.124221,-18.612493,786.4612,0.000000,0.000000,0.000000,0.000000,0.000000,0.000000,-17.455473,0.1654,5751,1991,220,14,196,-20.595496
359,2025-12-09T14:58:07.576241,-13.153605,902.9916,0.000000,0.321965,0.321965,10.574334,4.791551,36.416718,-17.412454,0.1646,6853,1991,220,14,182,-14.615562
360,2025-12-09T14:58:14.089343,-7.571120,436.0976,0.000000,0.000000,0.000000,0.000000,0.000000,0.000000,-17.314041,0.1637,6087,1991,220,12,182,-8.289820
361,2025-12-09T14:58:19.920109,-6.470188,403.9248,0.000000,0.000000,0.000000,0.000000,0.000000,0.000000,-17.205602,0.1629,5583,1991,220,12,209,-7.051112
362,2025-12-09T14:58:26.272830,-6.484713,397.7990,0.000000,0.000000,0.000000,0.000000,0.000000,0.000000,-17.098393,0.1621,6080,1991,220,12,201,-7.079804
363,2025-12-09T14:58:32.112040,-7.361059,475.1324,0.000000,0.000000,0.000000,0.000000,0.000000,0.000000,-17.001020,0.1613,5586,1991,220,12,203,-8.030892
364,2025-12-09T14:58:37.983585,-5.112839,397.7096,0.000000,0.000000,0.000000,0.000000,0.000000,0.000000,-16.882138,0.1605,5594,1991,220,12,150,-5.611993
365,2025-12-09T14:58:44.082208,-7.527770,451.2644,0.000000,0.000000,0.000000,0.000000,0.000000,0.000000,-16.788594,0.1597,5816,1991,220,12,209,-8.191245
366,2025-12-09T14:58:49.832048,-8.018268,417.5049,0.000000,0.000000,0.000000,0.000000,0.000000,0.000000,-16.700891,0.1589,5488,1991,220,12,194,-8.738981
367,2025-12-09T14:58:55.728363,-6.146333,455.1463,0.000000,0.000000,0.000000,0.000000,0.000000,0.000000,-16.595346,0.1581,5595,1991,220,12,123,-6.688941
368,2025-12-09T14:59:01.431744,-5.442337,427.5661,0.000000,0.000000,0.000000,0.000000,0.000000,0.000000,-16.483815,0.1573,5420,1991,220,12,188,-5.925963
369,2025-12-09T14:59:08.168085,-5.898823,421.7138,0.000000,0.330280,0.330280,48.432316,4.751791,35.937920,-16.377965,0.1565,6247,1991,220,12,198,-6.438725
370,2025-12-09T14:59:14.486442,-17.614173,670.9129,0.000000,0.000000,0.000000,0.000000,0.000000,0.000000,-16.390328,0.1557,5919,1991,222,14,146,-19.571832
371,2025-12-09T14:59:20.211089,-12.978845,584.9072,0.000000,0.000000,0.000000,0.000000,0.000000,0.000000,-16.356213,0.1549,5461,1991,222,14,245,-14.463535
372,2025-12-09T14:59:25.983604,-15.367751,709.0115,0.000000,0.000000,0.000000,0.000000,0.000000,0.000000,-16.346328,0.1542,5524,1991,222,14,156,-17.102947
373,2025-12-09T14:59:31.796190,-16.426309,559.7609,0.000000,0.000000,0.000000,0.000000,0.000000,0.000000,-16.347128,0.1534,5571,1991,222,14,152,-18.221448
374,2025-12-09T14:59:37.745631,-16.320831,615.0304,0.000000,0.000000,0.000000,0.000000,0.000000,0.000000,-16.346865,0.1526,5675,1991,222,14,228,-18.074746
375,2025-12-09T14:59:43.404342,-12.750400,583.4341,0.000000,0.000000,0.000000,0.000000,0.000000,0.000000,-16.310900,0.1519,5383,1991,222,14,244,-14.177654
376,2025-12-09T14:59:49.386140,-17.780161,601.3754,0.000000,0.000000,0.000000,0.000000,0.000000,0.000000,-16.325593,0.1511,5719,1991,222,14,153,-19.763428
377,2025-12-09T14:59:55.261186,-17.433487,715.3471,0.000000,0.000000,0.000000,0.000000,0.000000,0.000000,-16.336672,0.1504,5600,1991,222,14,208,-19.381333
378,2025-12-09T15:00:01.197252,-16.020807,587.3113,0.000000,0.000000,0.000000,0.000000,0.000000,0.000000,-16.333513,0.1500,5641,1991,222,14,257,-17.766583
379,2025-12-09T15:00:07.153744,-15.196101,732.9732,0.000000,0.308643,0.308643,7.804060,4.766704,34.286903,-16.322139,0.1500,5532,1991,222,14,161,-16.937832
380,2025-12-09T15:00:13.075994,-21.623113,1087.6684,0.000000,0.000000,0.000000,0.000000,0.000000,0.000000,-16.375149,0.1500,5478,1991,232,15,211,-24.118863
381,2025-12-09T15:00:19.128296,-20.667265,1105.5852,0.000000,0.000000,0.000000,0.000000,0.000000,0.000000,-16.418070,0.1500,5727,1991,232,15,215,-23.096658
382,2025-12-09T15:00:24.744320,-21.967878,1096.4644,0.000000,0.000000,0.000000,0.000000,0.000000,0.000000,-16.473568,0.1500,5353,1991,232,15,179,-24.463152
383,2025-12-09T15:00:31.115660,-29.886644,1084.9144,0.000000,0.000000,0.000000,0.000000,0.000000,0.000000,-16.607699,0.1500,6066,1991,232,15,324,-33.234760
384,2025-12-09T15:00:37.481594,-20.280467,1091.1031,0.000000,0.000000,0.000000,0.000000,0.000000,0.000000,-16.644427,0.1500,6101,1991,232,15,235,-22.664385
385,2025-12-09T15:00:43.485614,-22.208019,1096.9153,0.000000,0.000000,0.000000,0.000000,0.000000,0.000000,-16.700062,0.1500,5740,1991,232,15,199,-24.809417
386,2025-12-09T15:00:49.305430,-20.309938,1102.5244,0.000000,0.000000,0.000000,0.000000,0.000000,0.000000,-16.736161,0.1500,5517,1991,232,15,145,-22.782319
387,2025-12-09T15:00:55.170960,-25.528198,1075.7274,0.000000,0.000000,0.000000,0.000000,0.000000,0.000000,-16.824082,0.1500,5518,1991,232,16,251,-28.772275
388,2025-12-09T15:01:01.133052,-21.490399,1084.6921,0.000000,0.000000,0.000000,0.000000,0.000000,0.000000,-16.870745,0.1500,5707,1991,232,15,174,-24.009388
389,2025-12-09T15:01:07.263789,-21.488271,1109.4443,0.000000,0.277062,0.277062,87.293243,4.631703,40.241211,-16.916920,0.1500,5611,1991,232,15,141,-24.078465
390,2025-12-09T15:01:13.797895,-10.773463,454.3634,0.000000,0.000000,0.000000,0.000000,0.000000,0.000000,-16.855485,0.1500,6149,1991,224,13,159,-11.854355
391,2025-12-09T15:01:20.127937,-10.582707,583.8994,0.000000,0.000000,0.000000,0.000000,0.000000,0.000000,-16.792758,0.1500,6011,1991,224,14,169,-11.806230
392,2025-12-09T15:01:26.207210,-10.115144,515.7576,0.000000,0.000000,0.000000,0.000000,0.000000,0.000000,-16.725981,0.1500,5828,1991,224,13,246,-11.122221
393,2025-12-09T15:01:32.171409,-11.948660,465.0693,0.000000,0.000000,0.000000,0.000000,0.000000,0.000000,-16.678208,0.1500,5678,1991,224,13,235,-13.178416
394,2025-12-09T15:01:38.292294,-8.929347,461.6770,0.000000,0.000000,0.000000,0.000000,0.000000,0.000000,-16.600720,0.1500,5753,1991,224,13,181,-9.834934
395,2025-12-09T15:01:44.645200,-9.369384,523.6382,0.000000,0.000000,0.000000,0.000000,0.000000,0.000000,-16.528406,0.1500,6075,1991,224,13,232,-10.306298
396,2025-12-09T15:01:50.716636,-9.740213,451.6166,0.000000,0.000000,0.000000,0.000000,0.000000,0.000000,-16.460524,0.1500,5780,1991,224,13,192,-10.699815
397,2025-12-09T15:01:57.401267,-9.494376,485.9289,0.000000,0.000000,0.000000,0.000000,0.000000,0.000000,-16.390863,0.1500,6400,1991,224,13,204,-10.467972
398,2025-12-09T15:02:03.547658,-7.014084,518.8045,0.000000,0.000000,0.000000,0.000000,0.000000,0.000000,-16.297095,0.1500,5849,1991,224,13,200,-7.758058
399,2025-12-09T15:02:10.168350,-11.538448,539.0176,0.000000,0.294999,0.294999,15.739525,4.777922,30.949566,-16.249509,0.1500,6148,1991,224,13,258,-12.686139
400,2025-12-09T15:02:16.786656,-24.257686,930.9352,0.000000,0.000000,0.000000,0.000000,0.000000,0.000000,-16.329590,0.1500,6288,1991,227,16,204,-27.479405
401,2025-12-09T15:02:22.838243,-19.978322,861.8958,0.000000,0.000000,0.000000,0.000000,0.000000,0.000000,-16.366078,0.1500,5784,1991,227,15,177,-22.497331
402,2025-12-09T15:02:29.125321,-13.167433,488.8652,0.000000,0.000000,0.000000,0.000000,0.000000,0.000000,-16.334091,0.1500,5974,1991,227,14,133,-14.656355
403,2025-12-09T15:02:35.484307,-14.878551,488.7269,0.000000,0.000000,0.000000,0.000000,0.000000,0.000000,-16.319536,0.1500,6094,1991,227,14,232,-16.547737
404,2025-12-09T15:02:41.854533,-14.283872,488.3353,0.000000,0.000000,0.000000,0.000000,0.000000,0.000000,-16.299179,0.1500,6097,1991,227,14,203,-15.925722
405,2025-12-09T15:02:48.216175,-10.502359,513.8838,0.000000,0.000000,0.000000,0.000000,0.000000,0.000000,-16.241211,0.1500,6079,1991,227,13,199,-11.592226
406,2025-12-09T15:02:54.587207,-15.984846,476.2849,0.000000,0.000000,0.000000,0.000000,0.000000,0.000000,-16.238647,0.1500,6075,1991,227,14,128,-17.676324
407,2025-12-09T15:03:01.024432,-12.643285,480.3824,0.000000,0.000000,0.000000,0.000000,0.000000,0.000000,-16.202694,0.1500,6100,1991,227,14,213,-14.037273
408,2025-12-09T15:03:07.693503,-8.290968,497.9946,0.000000,0.000000,0.000000,0.000000,0.000000,0.000000,-16.123577,0.1500,6400,1991,227,13,205,-9.195002
409,2025-12-09T15:03:14.716792,-24.770699,914.1812,0.000000,0.311600,0.311600,32.010834,4.829619,31.954483,-16.210048,0.1500,6519,1991,227,16,151,-28.082759
410,2025-12-09T15:03:21.388998,-12.679063,641.9294,0.000000,0.000000,0.000000,0.000000,0.000000,0.000000,-16.174738,0.1500,6314,1991,226,14,203,-14.060245
411,2025-12-09T15:03:28.374315,-12.353392,643.5438,0.000000,0.000000,0.000000,0.000000,0.000000,0.000000,-16.136524,0.1500,6689,1991,226,14,207,-13.683885
412,2025-12-09T15:03:35.556165,-12.801334,622.4434,0.000000,0.000000,0.000000,0.000000,0.000000,0.000000,-16.103173,0.1500,6762,1991,226,14,231,-14.238261
413,2025-12-09T15:03:42.300067,-13.120334,652.1678,0.000000,0.000000,0.000000,0.000000,0.000000,0.000000,-16.073344,0.1500,6472,1991,226,14,208,-14.619468
414,2025-12-09T15:03:48.460077,-21.071714,725.4437,0.000000,0.000000,0.000000,0.000000,0.000000,0.000000,-16.123328,0.1500,5866,1991,226,15,257,-23.523339
415,2025-12-09T15:03:54.932699,-13.516920,660.3124,0.000000,0.000000,0.000000,0.000000,0.000000,0.000000,-16.097264,0.1500,6204,1991,226,14,185,-15.046127
416,2025-12-09T15:04:01.910572,-12.839987,613.3099,0.000000,0.000000,0.000000,0.000000,0.000000,0.000000,-16.064691,0.1500,6669,1991,226,13,203,-14.120155
417,2025-12-09T15:04:08.371539,-16.074355,751.6105,0.000000,0.000000,0.000000,0.000000,0.000000,0.000000,-16.064788,0.1500,6118,1991,226,15,124,-18.073062
418,2025-12-09T15:04:15.092071,-12.717771,630.7301,0.000000,0.000000,0.000000,0.000000,0.000000,0.000000,-16.031317,0.1500,6437,1991,226,13,248,-13.997007
419,2025-12-09T15:04:21.380045,-17.901260,738.5670,0.000000,0.315579,0.315579,8.224536,4.826677,30.198681,-16.050017,0.1500,5871,1991,226,15,177,-20.112960
420,2025-12-09T15:04:27.801814,-17.992777,734.8452,0.000000,0.000000,0.000000,0.000000,0.000000,0.000000,-16.069444,0.1500,6083,1991,219,14,342,-19.968179
421,2025-12-09T15:04:34.420181,-11.172460,666.3236,0.000000,0.000000,0.000000,0.000000,0.000000,0.000000,-16.020475,0.1500,6334,1991,219,13,212,-12.246142
422,2025-12-09T15:04:40.580184,-11.419946,650.2352,0.000000,0.000000,0.000000,0.000000,0.000000,0.000000,-15.974469,0.1500,5862,1991,219,13,183,-12.609179
423,2025-12-09T15:04:46.247891,-14.141256,775.3808,0.000000,0.000000,0.000000,0.000000,0.000000,0.000000,-15.956137,0.1500,5397,1991,219,14,270,-15.715202
424,2025-12-09T15:04:52.157142,-12.176350,662.1125,0.000000,0.000000,0.000000,0.000000,0.000000,0.000000,-15.918339,0.1500,5631,1991,219,13,219,-13.401931
425,2025-12-09T15:04:58.137973,-10.972529,670.0811,0.000000,0.000000,0.000000,0.000000,0.000000,0.000000,-15.868881,0.1500,5678,1991,219,13,214,-12.091541
426,2025-12-09T15:05:04.332034,-9.843382,650.5538,0.000000,0.000000,0.000000,0.000000,0.000000,0.000000,-15.808626,0.1500,5901,1991,219,13,219,-10.904844
427,2025-12-09T15:05:10.121894,-10.045343,659.7304,0.000000,0.000000,0.000000,0.000000,0.000000,0.000000,-15.750993,0.1500,5500,1991,219,13,182,-11.112280
428,2025-12-09T15:05:16.175790,-13.140916,651.5523,0.000000,0.000000,0.000000,0.000000,0.000000,0.000000,-15.724893,0.1500,5714,1991,219,13,227,-14.504268
429,2025-12-09T15:05:22.113442,-11.611709,673.5633,0.000000,0.283920,0.283920,7.733820,4.894712,23.487444,-15.683761,0.1500,5498,1991,219,13,190,-12.790926
430,2025-12-09T15:05:27.920916,-21.826472,786.2037,0.000000,0.000000,0.000000,0.000000,0.000000,0.000000,-15.745188,0.1500,5507,1991,227,15,187,-24.361053
431,2025-12-09T15:05:34.146167,-22.181674,766.4358,0.000000,0.000000,0.000000,0.000000,0.000000,0.000000,-15.809553,0.1500,5868,1991,227,15,245,-24.792645
432,2025-12-09T15:05:41.028349,-21.632883,774.0289,0.000000,0.000000,0.000000,0.000000,0.000000,0.000000,-15.867786,0.1500,6605,1991,227,15,193,-24.247012
433,2025-12-09T15:05:47.133680,-22.587196,819.0850,0.000000,0.000000,0.000000,0.000000,0.000000,0.000000,-15.934980,0.1500,5885,1991,227,15,223,-25.246845
434,2025-12-09T15:05:53.005939,-21.561014,769.5138,0.000000,0.000000,0.000000,0.000000,0.000000,0.000000,-15.991241,0.1500,5538,1991,227,15,171,-24.099840
435,2025-12-09T15:05:58.808549,-26.701677,808.3846,0.000000,0.000000,0.000000,0.000000,0.000000,0.000000,-16.098345,0.1500,5492,1991,227,15,258,-29.794543
436,2025-12-09T15:06:04.644496,-26.061160,753.4937,0.000000,0.000000,0.000000,0.000000,0.000000,0.000000,-16.197973,0.1500,5501,1991,227,15,216,-29.047723
437,2025-12-09T15:06:10.843303,-20.200912,782.7650,0.000000,0.000000,0.000000,0.000000,0.000000,0.000000,-16.238002,0.1500,5903,1991,227,15,202,-22.660442
438,2025-12-09T15:06:17.082499,-15.738009,776.2774,0.000000,0.000000,0.000000,0.000000,0.000000,0.000000,-16.233002,0.1500,5986,1991,227,14,164,-17.504504
439,2025-12-09T15:06:23.061536,-16.789616,747.0669,0.000000,0.275496,0.275496,68.905678,4.904004,29.048120,-16.238569,0.1500,5540,1991,227,14,174,-18.664530
440,2025-12-09T15:06:29.076292,-8.307975,472.9625,0.000000,0.000000,0.000000,0.000000,0.000000,0.000000,-16.159263,0.1500,5674,1991,223,13,202,-9.156816
441,2025-12-09T15:06:35.034237,-9.204980,429.6296,0.000000,0.000000,0.000000,0.000000,0.000000,0.000000,-16.089720,0.1500,5687,1991,223,13,246,-10.144673
442,2025-12-09T15:06:41.134339,-9.493639,591.3494,0.000000,0.000000,0.000000,0.000000,0.000000,0.000000,-16.023759,0.1500,5761,1991,223,13,199,-10.460145
443,2025-12-09T15:06:46.945368,-9.534399,449.7643,0.000000,0.000000,0.000000,0.000000,0.000000,0.000000,-15.958865,0.1500,5544,1991,223,13,250,-10.532308
444,2025-12-09T15:06:52.951743,-4.485951,448.8373,0.000000,0.000000,0.000000,0.000000,0.000000,0.000000,-15.844136,0.1500,5700,1991,223,12,118,-4.919738
445,2025-12-09T15:06:58.944575,-8.706686,488.2846,0.000000,0.000000,0.000000,0.000000,0.000000,0.000000,-15.772762,0.1500,5687,1991,223,12,221,-9.478012
446,2025-12-09T15:07:04.843441,-10.808933,541.1250,0.000000,0.000000,0.000000,0.000000,0.000000,0.000000,-15.723124,0.1500,5574,1991,223,13,207,-11.901371
447,2025-12-09T15:07:11.144609,-10.197492,481.4341,0.000000,0.000000,0.000000,0.000000,0.000000,0.000000,-15.667867,0.1500,6067,1991,223,13,238,-11.273529
448,2025-12-09T15:07:17.438758,-11.238951,628.1339,0.000000,0.000000,0.000000,0.000000,0.000000,0.000000,-15.623578,0.1500,6047,1991,223,13,137,-12.340261
449,2025-12-09T15:07:23.530371,-14.414270,537.5074,0.000000,0.258858,0.258858,24.065289,4.898967,26.780176,-15.611485,0.1500,5589,1991,223,13,259,-15.931103
450,2025-12-09T15:07:29.597566,-18.642725,813.9322,0.000000,0.000000,0.000000,0.000000,0.000000,0.000000,-15.641797,0.1500,5633,1991,226,14,195,-20.612868
451,2025-12-09T15:07:35.897088,-17.547139,797.5893,0.000000,0.000000,0.000000,0.000000,0.000000,0.000000,-15.660851,0.1500,6020,1991,226,14,203,-19.417850
452,2025-12-09T15:07:41.745326,-16.964285,776.4779,0.000000,0.000000,0.000000,0.000000,0.000000,0.000000,-15.673885,0.1500,5557,1991,226,14,270,-18.800549
453,2025-12-09T15:07:47.785681,-19.348818,791.6195,0.000000,0.000000,0.000000,0.000000,0.000000,0.000000,-15.710634,0.1500,5762,1991,226,14,238,-21.419943
454,2025-12-09T15:07:53.789653,-18.419896,794.9965,0.000000,0.000000,0.000000,0.000000,0.000000,0.000000,-15.737727,0.1500,5729,1991,226,14,258,-20.387876
455,2025-12-09T15:07:59.889691,-12.023731,779.1275,0.000000,0.000000,0.000000,0.000000,0.000000,0.000000,-15.700587,0.1500,5801,1991,226,14,104,-13.446825
456,2025-12-09T15:08:05.677486,-18.747175,784.9598,0.000000,0.000000,0.000000,0.000000,0.000000,0.000000,-15.731053,0.1500,5521,1991,226,14,187,-20.702940
457,2025-12-09T15:08:11.963620,-14.389988,746.1894,0.000000,0.000000,0.000000,0.000000,0.000000,0.000000,-15.717642,0.1500,5925,1991,226,14,165,-16.015011
458,2025-12-09T15:08:18.457845,-20.332178,859.6910,0.000000,0.000000,0.000000,0.000000,0.000000,0.000000,-15.763788,0.1500,6201,1991,226,15,234,-22.735106
459,2025-12-09T15:08:24.696500,-17.102953,823.3903,0.000000,0.288801,0.288801,16.959290,4.990964,24.720512,-15.777179,0.1500,5805,1991,226,14,242,-18.934868
460,2025-12-09T15:08:30.656254,-23.355054,975.1788,0.000000,0.000000,0.000000,0.000000,0.000000,0.000000,-15.852958,0.1500,5629,1991,226,15,217,-26.094615
461,2025-12-09T15:08:36.854332,-21.033021,901.2955,0.000000,0.000000,0.000000,0.000000,0.000000,0.000000,-15.904759,0.1500,5913,1991,226,15,235,-23.458628
462,2025-12-09T15:08:42.778667,-13.023679,869.1038,0.000000,0.000000,0.000000,0.000000,0.000000,0.000000,-15.875948,0.1500,5655,1991,226,14,212,-14.503619
463,2025-12-09T15:08:49.267577,-17.925324,826.9100,0.000000,0.000000,0.000000,0.000000,0.000000,0.000000,-15.896442,0.1500,6237,1991,226,14,220,-19.878603
464,2025-12-09T15:08:55.435409,-19.995012,915.0265,0.000000,0.000000,0.000000,0.000000,0.000000,0.000000,-15.937427,0.1500,5855,1991,226,15,214,-22.329527
465,2025-12-09T15:09:01.311854,-28.859604,946.5865,0.000000,0.000000,0.000000,0.000000,0.000000,0.000000,-16.066649,0.1500,5599,1991,226,15,259,-32.081377
466,2025-12-09T15:09:07.415351,-22.265032,965.3727,0.000000,0.000000,0.000000,0.000000,0.000000,0.000000,-16.128633,0.1500,5826,1991,226,15,248,-24.872214
467,2025-12-09T15:09:13.673791,-16.427401,788.6087,0.000000,0.000000,0.000000,0.000000,0.000000,0.000000,-16.131621,0.1500,5922,1991,226,14,268,-18.212455
468,2025-12-09T15:09:20.004442,-20.365015,892.6713,0.000000,0.000000,0.000000,0.000000,0.000000,0.000000,-16.173955,0.1500,6005,1991,226,15,190,-22.781597
469,2025-12-09T15:09:25.959466,-19.112786,890.7708,0.000000,0.277077,0.277077,54.912025,4.970089,19.427628,-16.203343,0.1500,5545,1991,226,15,153,-21.412938
470,2025-12-09T15:09:32.265351,-13.816428,589.8947,0.000000,0.000000,0.000000,0.000000,0.000000,0.000000,-16.179474,0.1500,5916,1991,221,13,208,-15.239473
471,2025-12-09T15:09:39.447955,-14.399209,541.7056,0.000000,0.000000,0.000000,0.000000,0.000000,0.000000,-16.161671,0.1500,6891,1991,221,13,190,-15.882988
472,2025-12-09T15:09:47.348510,-14.461413,605.3869,0.000000,0.000000,0.000000,0.000000,0.000000,0.000000,-16.144669,0.1500,7520,1991,221,13,195,-15.857769
473,2025-12-09T15:09:53.284060,-10.560260,491.5556,0.000000,0.000000,0.000000,0.000000,0.000000,0.000000,-16.088824,0.1500,5666,1991,221,13,214,-11.629584
474,2025-12-09T15:09:59.094145,-9.072011,508.1812,0.000000,0.000000,0.000000,0.000000,0.000000,0.000000,-16.018656,0.1500,5519,1991,221,13,217,-9.967199
475,2025-12-09T15:10:04.807854,-12.687191,502.1426,0.000000,0.000000,0.000000,0.000000,0.000000,0.000000,-15.985342,0.1500,5389,1991,221,13,223,-13.935692
476,2025-12-09T15:10:10.606155,-13.869823,636.6902,0.000000,0.000000,0.000000,0.000000,0.000000,0.000000,-15.964186,0.1500,5510,1991,221,14,191,-15.508037
477,2025-12-09T15:10:16.496017,-10.599388,501.7341,0.000000,0.000000,0.000000,0.000000,0.000000,0.000000,-15.910538,0.1500,5616,1991,221,13,178,-11.704694
478,2025-12-09T15:10:22.192118,-8.700503,562.4213,0.000000,0.000000,0.000000,0.000000,0.000000,0.000000,-15.838438,0.1500,5478,1991,221,13,156,-9.634808
479,2025-12-09T15:10:28.346740,-14.122030,619.9084,0.000000,0.351326,0.351326,8.000440,5.028771,20.971277,-15.821274,0.1500,5765,1991,221,13,230,-15.529304
480,2025-12-09T15:10:34.616047,-24.614600,1001.3338,0.000000,0.000000,0.000000,0.000000,0.000000,0.000000,-15.909207,0.1500,5936,1991,229,15,237,-27.517996
481,2025-12-09T15:10:40.672479,-28.562319,1017.9209,0.000000,0.000000,0.000000,0.000000,0.000000,0.000000,-16.035738,0.1500,5630,1991,229,15,235,-31.877382
482,2025-12-09T15:10:45.862989,-26.048288,1034.6493,0.000000,0.000000,0.000000,0.000000,0.000000,0.000000,-16.135864,0.1500,4909,1991,229,15,216,-29.097524
483,2025-12-09T15:10:51.213508,-21.720827,1014.4442,0.000000,0.000000,0.000000,0.000000,0.000000,0.000000,-16.191714,0.1500,5125,1991,229,15,304,-24.274933
484,2025-12-09T15:10:56.428867,-27.202114,1021.0188,0.000000,0.000000,0.000000,0.000000,0.000000,0.000000,-16.301818,0.1500,4983,1991,229,15,335,-30.249143
485,2025-12-09T15:11:01.758151,-20.382183,1013.2607,0.000000,0.000000,0.000000,0.000000,0.000000,0.000000,-16.342621,0.1500,5028,1991,229,15,258,-22.843980
486,2025-12-09T15:11:07.532487,-21.560438,1027.3231,0.000000,0.000000,0.000000,0.000000,0.000000,0.000000,-16.394799,0.1500,5492,1991,229,15,178,-24.130874
487,2025-12-09T15:11:13.284470,-27.097109,1008.7265,0.000000,0.000000,0.000000,0.000000,0.000000,0.000000,-16.501822,0.1500,5485,1991,229,15,180,-30.236104
488,2025-12-09T15:11:18.561425,-25.325792,1013.4230,0.000000,0.000000,0.000000,0.000000,0.000000,0.000000,-16.590062,0.1500,5028,1991,229,15,295,-28.152039
489,2025-12-09T15:11:23.941057,-23.397060,1005.0608,0.000000,0.328882,0.328882,116.869530,5.033795,21.934727,-16.658132,0.1500,5019,1991,229,15,162,-26.145824
490,2025-12-09T15:11:29.604371,-19.886100,879.7018,0.000000,0.000000,0.000000,0.000000,0.000000,0.000000,-16.690412,0.1500,5387,1991,226,15,182,-22.297384
491,2025-12-09T15:11:34.680603,-19.206858,751.6368,0.000000,0.000000,0.000000,0.000000,0.000000,0.000000,-16.715576,0.1500,4823,1991,226,15,173,-21.507058
492,2025-12-09T15:11:41.957609,-19.858198,811.7089,0.000000,0.000000,0.000000,0.000000,0.000000,0.000000,-16.747003,0.1500,7028,1991,226,15,207,-22.309132
493,2025-12-09T15:11:47.405657,-15.291601,718.7688,0.000000,0.000000,0.000000,0.000000,0.000000,0.000000,-16.732448,0.1500,5161,1991,226,14,210,-16.981153
494,2025-12-09T15:11:52.569464,-21.683266,851.3570,0.000000,0.000000,0.000000,0.000000,0.000000,0.000000,-16.781957,0.1500,4897,1991,226,15,245,-24.271212
495,2025-12-09T15:11:58.354329,-19.826748,824.4623,0.000000,0.000000,0.000000,0.000000,0.000000,0.000000,-16.812405,0.1500,5461,1991,226,15,213,-22.295946
496,2025-12-09T15:12:03.664176,-21.126193,836.1793,0.000000,0.000000,0.000000,0.000000,0.000000,0.000000,-16.855542,0.1500,4985,1991,226,15,182,-23.605522
497,2025-12-09T15:12:08.979541,-18.682127,774.3341,0.000000,0.000000,0.000000,0.000000,0.000000,0.000000,-16.873808,0.1500,5071,1991,226,15,236,-20.998736
498,2025-12-09T15:12:14.877238,-27.470334,903.3977,0.000000,0.000000,0.000000,0.000000,0.000000,0.000000,-16.979774,0.1500,5576,1991,226,16,155,-31.008922
499,2025-12-09T15:12:20.365966,-22.153620,767.3203,0.000000,0.267170,0.267170,49.289589,5.039176,22.860586,-17.031512,0.1500,5027,1991,226,15,210,-24.670969
