episode,timestamp,reward,mean_queuing_ms,drop_rate,loss,baseline,temperature,wall_time_ms,packets,active_flows
0,2025-12-07T03:32:06.797962,-0.030152,30.1521,0.000000,0.000000,-0.030152,0.9950,2232,100,76
1,2025-12-07T03:32:09.071115,-0.045636,45.6355,0.000000,0.000000,-0.037894,0.9900,2183,100,71
2,2025-12-07T03:32:11.249810,-0.035315,35.3149,0.000000,0.000000,-0.037034,0.9851,2126,100,74
3,2025-12-07T03:32:13.451422,-0.041251,41.2506,0.000000,0.000000,-0.038088,0.9801,2146,100,76
4,2025-12-07T03:32:15.718456,-0.037003,37.0028,0.000000,0.000000,-0.037871,0.9752,2209,100,72
5,2025-12-07T03:32:18.666661,-0.044280,44.2797,0.000000,0.000000,-0.038939,0.9704,2860,100,70
6,2025-12-07T03:32:21.549334,-0.028786,28.7862,0.000000,0.000000,-0.037489,0.9655,2809,100,67
7,2025-12-07T03:32:24.367040,-0.043884,43.8840,0.000000,0.000000,-0.038288,0.9607,2732,100,71
8,2025-12-07T03:32:27.366790,-0.042902,42.9020,0.000000,0.000000,-0.038801,0.9559,2930,100,77
9,2025-12-07T03:32:30.244837,-0.040365,40.3650,0.000000,-1.371771,-0.038957,0.9511,2702,100,70
10,2025-12-07T03:32:33.316618,-0.030765,30.7648,0.000000,0.000000,-0.038213,0.9464,2991,100,66
11,2025-12-07T03:32:36.477823,-0.039573,39.5731,0.000000,0.000000,-0.038326,0.9416,3082,100,68
12,2025-12-07T03:32:39.461823,-0.034689,34.6893,0.000000,0.000000,-0.038046,0.9369,2903,100,70
13,2025-12-07T03:32:42.294526,-0.041742,41.7416,0.000000,0.000000,-0.038310,0.9322,2749,100,70
14,2025-12-07T03:32:45.162298,-0.033365,33.3651,0.000000,0.000000,-0.037980,0.9276,2792,100,68
15,2025-12-07T03:32:47.906782,-0.031878,31.8780,0.000000,0.000000,-0.037599,0.9229,2671,100,68
16,2025-12-07T03:32:50.837686,-0.035983,35.9832,0.000000,0.000000,-0.037504,0.9183,2849,100,72
17,2025-12-07T03:32:53.598557,-0.059734,59.7335,0.000000,0.000000,-0.038739,0.9137,2684,100,72
18,2025-12-07T03:32:56.544158,-0.037034,37.0345,0.000000,0.000000,-0.038649,0.9092,2861,100,68
19,2025-12-07T03:32:59.381978,-0.041483,41.4835,0.000000,-0.665741,-0.038791,0.9046,2655,100,63
20,2025-12-07T03:33:02.290739,-0.036585,36.5846,0.000000,0.000000,-0.038686,0.9001,2838,100,69
21,2025-12-07T03:33:05.205016,-0.048907,48.9068,0.000000,0.000000,-0.039150,0.8956,2839,100,72
22,2025-12-07T03:33:08.113721,-0.037290,37.2896,0.000000,0.000000,-0.039070,0.8911,2801,100,74
23,2025-12-07T03:33:11.132179,-0.047140,47.1400,0.000000,0.000000,-0.039406,0.8867,2926,100,67
24,2025-12-07T03:33:13.910328,-0.037910,37.9098,0.000000,0.000000,-0.039346,0.8822,2698,100,72
25,2025-12-07T03:33:17.059872,-0.046612,46.6115,0.000000,0.000000,-0.039625,0.8778,3062,100,70
26,2025-12-07T03:33:19.910957,-0.043050,43.0502,0.000000,0.000000,-0.039752,0.8734,2787,100,69
27,2025-12-07T03:33:22.830142,-0.053521,53.5211,0.000000,0.000000,-0.040244,0.8691,2839,100,71
28,2025-12-07T03:33:25.689378,-0.037920,37.9196,0.000000,0.000000,-0.040164,0.8647,2679,100,66
29,2025-12-07T03:33:28.636626,-0.040208,40.2076,0.000000,-0.998042,-0.040165,0.8604,2765,100,66
30,2025-12-07T03:33:31.556305,-0.034678,34.6784,0.000000,0.000000,-0.039988,0.8561,2843,100,69
31,2025-12-07T03:33:34.188685,-0.033290,33.2897,0.000000,0.000000,-0.039779,0.8518,2571,100,70
32,2025-12-07T03:33:37.242655,-0.038913,38.9133,0.000000,0.000000,-0.039753,0.8475,2974,100,68
33,2025-12-07T03:33:40.057521,-0.047044,47.0445,0.000000,0.000000,-0.039967,0.8433,2731,100,67
34,2025-12-07T03:33:42.940352,-0.028877,28.8770,0.000000,0.000000,-0.039650,0.8391,2822,100,70
35,2025-12-07T03:33:45.855776,-0.041299,41.2994,0.000000,0.000000,-0.039696,0.8349,2841,100,70
36,2025-12-07T03:33:48.657218,-0.028765,28.7646,0.000000,0.000000,-0.039401,0.8307,2739,100,72
37,2025-12-07T03:33:51.483476,-0.030644,30.6443,0.000000,0.000000,-0.039170,0.8266,2709,100,77
38,2025-12-07T03:33:54.299329,-0.032433,32.4332,0.000000,0.000000,-0.038998,0.8224,2744,100,80
39,2025-12-07T03:33:57.264811,-0.033401,33.4007,0.000000,-0.948167,-0.038858,0.8183,2785,100,71
40,2025-12-07T03:34:00.096116,-0.040624,40.6239,0.000000,0.000000,-0.038901,0.8142,2748,100,69
41,2025-12-07T03:34:02.817652,-0.033698,33.6984,0.000000,0.000000,-0.038777,0.8102,2651,100,80
42,2025-12-07T03:34:05.604833,-0.035889,35.8887,0.000000,0.000000,-0.038710,0.8061,2699,100,73
43,2025-12-07T03:34:08.621634,-0.048968,48.9677,0.000000,0.000000,-0.038943,0.8021,2836,100,74
44,2025-12-07T03:34:11.388063,-0.033776,33.7756,0.000000,0.000000,-0.038828,0.7981,2691,100,74
45,2025-12-07T03:34:14.148478,-0.057429,57.4293,0.000000,0.000000,-0.039232,0.7941,2680,100,66
46,2025-12-07T03:34:16.991489,-0.038918,38.9180,0.000000,0.000000,-0.039226,0.7901,2754,100,67
47,2025-12-07T03:34:20.192628,-0.040373,40.3726,0.000000,0.000000,-0.039250,0.7862,3110,100,75
48,2025-12-07T03:34:23.202117,-0.041153,41.1528,0.000000,0.000000,-0.039288,0.7822,2933,100,74
49,2025-12-07T03:34:26.180869,-0.029554,29.5536,0.000000,-0.570666,-0.039094,0.7783,2816,100,67
