link_id,src_node,dst_node,capacity,total_bytes,avg_utilization,max_utilization,min_utilization,std_utilization,sample_count,congestion_events,time_in_congestion
Switch: e_1_0->Switch: a_1_1,Switch: e_1_0,Switch: a_1_1,0,0,0.000000,0.000000,0.000000,0.000000,5,0,0.0000
Switch: c_0_1->Switch: a_0_0,Switch: c_0_1,Switch: a_0_0,0,208049,0.000008,0.000042,0.000000,0.000017,5,0,0.0000
Switch: e_0_1->Switch: a_0_1,Switch: e_0_1,Switch: a_0_1,0,200000,0.000008,0.000020,0.000000,0.000010,5,0,0.0000
Switch: e_1_0->Switch: a_1_0,Switch: e_1_0,Switch: a_1_0,0,589988,0.000024,0.000048,0.000000,0.000020,5,0,0.0000
Switch: c_1_0->Switch: a_1_1,Switch: c_1_0,Switch: a_1_1,0,1244708,0.000050,0.000173,0.000000,0.000064,5,0,0.0000
Switch: e_0_1->Switch: a_0_0,Switch: e_0_1,Switch: a_0_0,0,469747,0.000019,0.000059,0.000000,0.000022,5,0,0.0000
Switch: c_0_1->Switch: a_2_0,Switch: c_0_1,Switch: a_2_0,0,597388,0.000024,0.000060,0.000000,0.000020,5,0,0.0000
Switch: c_0_0->Switch: a_3_0,Switch: c_0_0,Switch: a_3_0,0,100000,0.000004,0.000020,0.000000,0.000008,5,0,0.0000
Switch: e_2_1->h_2_1_0,Switch: e_2_1,h_2_1_0,0,279972,0.000011,0.000020,0.000000,0.000007,5,0,0.0000
Switch: e_2_1->h_2_1_1,Switch: e_2_1,h_2_1_1,0,400000,0.000016,0.000060,0.000000,0.000023,5,0,0.0000
h_0_1_0->Switch: e_0_1,h_0_1_0,Switch: e_0_1,0,617586,0.000025,0.000059,0.000000,0.000019,5,0,0.0000
h_1_1_0->Switch: e_1_1,h_1_1_0,Switch: e_1_1,0,875979,0.000035,0.000116,0.000000,0.000044,5,0,0.0000
h_2_1_0->Switch: e_2_1,h_2_1_0,Switch: e_2_1,0,618648,0.000025,0.000083,0.000000,0.000033,5,0,0.0000
Switch: a_0_0->Switch: e_0_1,Switch: a_0_0,Switch: e_0_1,0,79706,0.000003,0.000016,0.000000,0.000006,5,0,0.0000
Switch: c_1_0->Switch: a_3_1,Switch: c_1_0,Switch: a_3_1,0,418236,0.000017,0.000064,0.000000,0.000025,5,0,0.0000
Switch: c_0_0->Switch: a_1_0,Switch: c_0_0,Switch: a_1_0,0,616973,0.000025,0.000103,0.000000,0.000040,5,0,0.0000
Switch: e_3_0->h_3_0_1,Switch: e_3_0,h_3_0_1,0,283477,0.000011,0.000057,0.000000,0.000023,5,0,0.0000
Switch: e_3_0->h_3_0_0,Switch: e_3_0,h_3_0_0,0,436812,0.000017,0.000067,0.000000,0.000026,5,0,0.0000
h_3_1_0->Switch: e_3_1,h_3_1_0,Switch: e_3_1,0,1323001,0.000053,0.000141,0.000000,0.000058,5,0,0.0000
Switch: a_0_0->Switch: e_0_0,Switch: a_0_0,Switch: e_0_0,0,577796,0.000023,0.000062,0.000000,0.000024,5,0,0.0000
h_1_0_0->Switch: e_1_0,h_1_0_0,Switch: e_1_0,0,763197,0.000031,0.000098,0.000000,0.000036,5,0,0.0000
h_3_0_0->Switch: e_3_0,h_3_0_0,Switch: e_3_0,0,405437,0.000016,0.000022,0.000000,0.000008,5,0,0.0000
Switch: e_3_1->Switch: a_3_0,Switch: e_3_1,Switch: a_3_0,0,1078457,0.000043,0.000103,0.000000,0.000039,5,0,0.0000
Switch: e_3_1->Switch: a_3_1,Switch: e_3_1,Switch: a_3_1,0,710880,0.000028,0.000085,0.000000,0.000031,5,0,0.0000
Switch: e_3_1->h_3_1_0,Switch: e_3_1,h_3_1_0,0,200000,0.000008,0.000020,0.000000,0.000010,5,0,0.0000
Switch: e_3_1->h_3_1_1,Switch: e_3_1,h_3_1_1,0,850998,0.000034,0.000130,0.000000,0.000051,5,0,0.0000
Switch: a_0_1->Switch: c_1_1,Switch: a_0_1,Switch: c_1_1,0,100000,0.000004,0.000020,0.000000,0.000008,5,0,0.0000
Switch: a_1_0->Switch: c_0_0,Switch: a_1_0,Switch: c_0_0,0,212219,0.000008,0.000036,0.000000,0.000014,5,0,0.0000
Switch: e_2_0->Switch: a_2_1,Switch: e_2_0,Switch: a_2_1,0,1233208,0.000049,0.000101,0.000000,0.000040,5,0,0.0000
Switch: a_0_1->Switch: c_1_0,Switch: a_0_1,Switch: c_1_0,0,0,0.000000,0.000000,0.000000,0.000000,5,0,0.0000
Switch: a_1_0->Switch: c_0_1,Switch: a_1_0,Switch: c_0_1,0,300000,0.000012,0.000060,0.000000,0.000024,5,0,0.0000
Switch: e_1_1->Switch: a_1_1,Switch: e_1_1,Switch: a_1_1,0,865517,0.000035,0.000116,0.000000,0.000044,5,0,0.0000
Switch: c_1_1->Switch: a_3_1,Switch: c_1_1,Switch: a_3_1,0,100000,0.000004,0.000020,0.000000,0.000008,5,0,0.0000
Switch: e_2_0->Switch: a_2_0,Switch: e_2_0,Switch: a_2_0,0,147459,0.000006,0.000018,0.000000,0.000008,5,0,0.0000
Switch: e_1_1->Switch: a_1_0,Switch: e_1_1,Switch: a_1_0,0,416670,0.000017,0.000060,0.000000,0.000022,5,0,0.0000
Switch: e_0_0->h_0_0_0,Switch: e_0_0,h_0_0_0,0,369747,0.000015,0.000039,0.000000,0.000015,5,0,0.0000
Switch: e_0_0->h_0_0_1,Switch: e_0_0,h_0_0_1,0,582827,0.000023,0.000062,0.000000,0.000021,5,0,0.0000
Switch: c_1_1->Switch: a_1_1,Switch: c_1_1,Switch: a_1_1,0,139269,0.000006,0.000028,0.000000,0.000011,5,0,0.0000
Switch: a_3_1->Switch: c_1_1,Switch: a_3_1,Switch: c_1_1,0,139269,0.000006,0.000028,0.000000,0.000011,5,0,0.0000
Switch: a_3_1->Switch: c_1_0,Switch: a_3_1,Switch: c_1_0,0,374068,0.000015,0.000038,0.000000,0.000014,5,0,0.0000
Switch: e_3_0->Switch: a_3_0,Switch: e_3_0,Switch: a_3_0,0,505437,0.000020,0.000042,0.000000,0.000013,5,0,0.0000
Switch: e_2_1->Switch: a_2_1,Switch: e_2_1,Switch: a_2_1,0,1036884,0.000041,0.000125,0.000000,0.000053,5,0,0.0000
Switch: e_2_1->Switch: a_2_0,Switch: e_2_1,Switch: a_2_0,0,233329,0.000009,0.000027,0.000000,0.000012,5,0,0.0000
Switch: e_3_0->Switch: a_3_1,Switch: e_3_0,Switch: a_3_1,0,372031,0.000015,0.000047,0.000000,0.000019,5,0,0.0000
Switch: a_1_1->Switch: c_1_0,Switch: a_1_1,Switch: c_1_0,0,0,0.000000,0.000000,0.000000,0.000000,5,0,0.0000
Switch: c_1_0->Switch: a_0_1,Switch: c_1_0,Switch: a_0_1,0,781216,0.000031,0.000101,0.000000,0.000037,5,0,0.0000
Switch: c_0_1->Switch: a_1_0,Switch: c_0_1,Switch: a_1_0,0,100000,0.000004,0.000020,0.000000,0.000008,5,0,0.0000
Switch: a_2_0->Switch: c_0_1,Switch: a_2_0,Switch: c_0_1,0,100000,0.000004,0.000020,0.000000,0.000008,5,0,0.0000
Switch: a_1_1->Switch: c_1_1,Switch: a_1_1,Switch: c_1_1,0,383692,0.000015,0.000044,0.000000,0.000016,5,0,0.0000
Switch: a_3_1->Switch: e_3_0,Switch: a_3_1,Switch: e_3_0,0,336812,0.000013,0.000067,0.000000,0.000027,5,0,0.0000
Switch: c_0_1->Switch: a_3_0,Switch: c_0_1,Switch: a_3_0,0,100000,0.000004,0.000020,0.000000,0.000008,5,0,0.0000
Switch: c_1_0->Switch: a_2_1,Switch: c_1_0,Switch: a_2_1,0,0,0.000000,0.000000,0.000000,0.000000,5,0,0.0000
Switch: a_3_1->Switch: e_3_1,Switch: a_3_1,Switch: e_3_1,0,750998,0.000030,0.000130,0.000000,0.000051,5,0,0.0000
h_0_1_1->Switch: e_0_1,h_0_1_1,Switch: e_0_1,0,173277,0.000007,0.000020,0.000000,0.000009,5,0,0.0000
h_1_1_1->Switch: e_1_1,h_1_1_1,Switch: e_1_1,0,506208,0.000020,0.000060,0.000000,0.000023,5,0,0.0000
Switch: a_3_0->Switch: c_0_1,Switch: a_3_0,Switch: c_0_1,0,505437,0.000020,0.000042,0.000000,0.000013,5,0,0.0000
Switch: a_2_1->Switch: c_1_0,Switch: a_2_1,Switch: c_1_0,0,2070092,0.000083,0.000173,0.000000,0.000060,5,0,0.0000
h_2_1_1->Switch: e_2_1,h_2_1_1,Switch: e_2_1,0,651565,0.000026,0.000110,0.000000,0.000043,5,0,0.0000
Switch: a_3_0->Switch: c_0_0,Switch: a_3_0,Switch: c_0_0,0,794980,0.000032,0.000103,0.000000,0.000042,5,0,0.0000
Switch: e_0_1->h_0_1_1,Switch: e_0_1,h_0_1_1,0,627554,0.000025,0.000081,0.000000,0.000030,5,0,0.0000
h_3_1_1->Switch: e_3_1,h_3_1_1,Switch: e_3_1,0,666336,0.000027,0.000056,0.000000,0.000019,5,0,0.0000
Switch: e_0_1->h_0_1_0,Switch: e_0_1,h_0_1_0,0,528781,0.000021,0.000064,0.000000,0.000027,5,0,0.0000
Switch: e_0_0->Switch: a_0_0,Switch: e_0_0,Switch: a_0_0,0,200000,0.000008,0.000020,0.000000,0.000010,5,0,0.0000
h_0_0_1->Switch: e_0_0,h_0_0_1,Switch: e_0_0,0,0,0.000000,0.000000,0.000000,0.000000,5,0,0.0000
Switch: e_1_0->h_1_0_0,Switch: e_1_0,h_1_0_0,0,955893,0.000038,0.000096,0.000000,0.000035,5,0,0.0000
Switch: a_2_1->Switch: c_1_1,Switch: a_2_1,Switch: c_1_1,0,0,0.000000,0.000000,0.000000,0.000000,5,0,0.0000
Switch: e_1_0->h_1_0_1,Switch: e_1_0,h_1_0_1,0,1193359,0.000048,0.000092,0.000000,0.000032,5,0,0.0000
Switch: e_0_0->Switch: a_0_1,Switch: e_0_0,Switch: a_0_1,0,129399,0.000005,0.000026,0.000000,0.000010,5,0,0.0000
h_1_0_1->Switch: e_1_0,h_1_0_1,Switch: e_1_0,0,212219,0.000008,0.000020,0.000000,0.000008,5,0,0.0000
Switch: c_0_0->Switch: a_2_0,Switch: c_0_0,Switch: a_2_0,0,410520,0.000016,0.000076,0.000000,0.000030,5,0,0.0000
h_2_0_1->Switch: e_2_0,h_2_0_1,Switch: e_2_0,0,366729,0.000015,0.000038,0.000000,0.000014,5,0,0.0000
Switch: c_0_0->Switch: a_0_0,Switch: c_0_0,Switch: a_0_0,0,79706,0.000003,0.000016,0.000000,0.000006,5,0,0.0000
Switch: a_2_0->Switch: c_0_0,Switch: a_2_0,Switch: c_0_0,0,0,0.000000,0.000000,0.000000,0.000000,5,0,0.0000
h_3_0_1->Switch: e_3_0,h_3_0_1,Switch: e_3_0,0,472031,0.000019,0.000047,0.000000,0.000018,5,0,0.0000
Switch: a_0_0->Switch: c_0_0,Switch: a_0_0,Switch: c_0_0,0,200000,0.000008,0.000020,0.000000,0.000010,5,0,0.0000
Switch: a_0_0->Switch: c_0_1,Switch: a_0_0,Switch: c_0_1,0,100000,0.000004,0.000020,0.000000,0.000008,5,0,0.0000
Switch: a_1_1->Switch: e_1_0,Switch: a_1_1,Switch: e_1_0,0,1347154,0.000054,0.000167,0.000000,0.000058,5,0,0.0000
h_0_0_0->Switch: e_0_0,h_0_0_0,Switch: e_0_0,0,329399,0.000013,0.000046,0.000000,0.000018,5,0,0.0000
Switch: a_1_1->Switch: e_1_1,Switch: a_1_1,Switch: e_1_1,0,518648,0.000021,0.000103,0.000000,0.000041,5,0,0.0000
Switch: a_2_0->Switch: e_2_0,Switch: a_2_0,Switch: e_2_0,0,708724,0.000028,0.000076,0.000000,0.000029,5,0,0.0000
Switch: a_2_0->Switch: e_2_1,Switch: a_2_0,Switch: e_2_1,0,579972,0.000023,0.000078,0.000000,0.000028,5,0,0.0000
h_2_0_0->Switch: e_2_0,h_2_0_0,Switch: e_2_0,0,1013938,0.000041,0.000112,0.000000,0.000044,5,0,0.0000
Switch: a_1_0->Switch: e_1_1,Switch: a_1_0,Switch: e_1_1,0,794742,0.000032,0.000083,0.000000,0.000031,5,0,0.0000
Switch: a_0_1->Switch: e_0_0,Switch: a_0_1,Switch: e_0_0,0,374778,0.000015,0.000020,0.000000,0.000008,5,0,0.0000
Switch: e_1_1->h_1_1_0,Switch: e_1_1,h_1_1_0,0,477769,0.000019,0.000061,0.000000,0.000025,5,0,0.0000
Switch: a_0_1->Switch: e_0_1,Switch: a_0_1,Switch: e_0_1,0,955513,0.000038,0.000145,0.000000,0.000055,5,0,0.0000
Switch: a_1_0->Switch: e_1_0,Switch: a_1_0,Switch: e_1_0,0,416670,0.000017,0.000048,0.000000,0.000018,5,0,0.0000
Switch: e_1_1->h_1_1_1,Switch: e_1_1,h_1_1_1,0,935621,0.000037,0.000103,0.000000,0.000046,5,0,0.0000
Switch: a_2_1->Switch: e_2_0,Switch: a_2_1,Switch: e_2_0,0,164016,0.000007,0.000033,0.000000,0.000013,5,0,0.0000
Switch: a_3_0->Switch: e_3_0,Switch: a_3_0,Switch: e_3_0,0,383477,0.000015,0.000057,0.000000,0.000022,5,0,0.0000
Switch: a_2_1->Switch: e_2_1,Switch: a_2_1,Switch: e_2_1,0,100000,0.000004,0.000020,0.000000,0.000008,5,0,0.0000
Switch: e_2_0->h_2_0_0,Switch: e_2_0,h_2_0_0,0,394733,0.000016,0.000039,0.000000,0.000015,5,0,0.0000
Switch: c_1_1->Switch: a_2_1,Switch: c_1_1,Switch: a_2_1,0,64016,0.000003,0.000013,0.000000,0.000005,5,0,0.0000
Switch: a_3_0->Switch: e_3_1,Switch: a_3_0,Switch: e_3_1,0,100000,0.000004,0.000020,0.000000,0.000008,5,0,0.0000
Switch: e_2_0->h_2_0_1,Switch: e_2_0,h_2_0_1,0,478007,0.000019,0.000056,0.000000,0.000024,5,0,0.0000
Switch: c_1_1->Switch: a_0_1,Switch: c_1_1,Switch: a_0_1,0,319676,0.000013,0.000044,0.000000,0.000017,5,0,0.0000
