episode,timestamp,reward,mean_queuing_ms,drop_rate,loss,policy_loss,value_loss,entropy,kl_div,baseline,temperature,wall_time_ms,packets,active_flows
0,2025-12-08T17:05:59.190798,-0.941030,941.0298,0.000000,0.000000,0.000000,0.000000,0.000000,0.000000,-0.009410,0.9950,3859,1991,222
1,2025-12-08T17:06:02.965849,-0.954892,954.8922,0.000000,0.000000,0.000000,0.000000,0.000000,0.000000,-0.018865,0.9900,3568,1991,222
2,2025-12-08T17:06:07.154047,-0.712791,712.7914,0.000000,0.000000,0.000000,0.000000,0.000000,0.000000,-0.025804,0.9851,4028,1991,222
3,2025-12-08T17:06:12.031280,-1.097822,1097.8215,0.000000,0.000000,0.000000,0.000000,0.000000,0.000000,-0.036525,0.9801,4654,1991,222
4,2025-12-08T17:06:16.925793,-1.201907,1201.9074,0.000000,0.000000,0.000000,0.000000,0.000000,0.000000,-0.048178,0.9752,4684,1991,222
5,2025-12-08T17:06:22.950484,-1.084253,1084.2526,0.000000,0.000000,0.000000,0.000000,0.000000,0.000000,-0.058539,0.9704,5815,1991,222
6,2025-12-08T17:06:29.983466,-0.415373,415.3726,0.000000,0.000000,0.000000,0.000000,0.000000,0.000000,-0.062107,0.9655,6646,1991,222
7,2025-12-08T17:06:36.511222,-0.619096,619.0956,0.000000,0.000000,0.000000,0.000000,0.000000,0.000000,-0.067677,0.9607,6247,1991,222
8,2025-12-08T17:06:43.439950,-0.398375,398.3751,0.000000,0.000000,0.000000,0.000000,0.000000,0.000000,-0.070984,0.9559,6546,1991,222
9,2025-12-08T17:06:49.923103,-1.152813,1152.8129,0.000000,0.121704,0.121704,8.245380,5.328867,4.234043,-0.081803,0.9511,6014,1991,222
10,2025-12-08T17:06:56.105970,-0.804350,804.3498,0.000000,0.000000,0.000000,0.000000,0.000000,0.000000,-0.089028,0.9464,5812,1991,227
11,2025-12-08T17:07:02.684141,-0.919738,919.7377,0.000000,0.000000,0.000000,0.000000,0.000000,0.000000,-0.097335,0.9416,6293,1991,227
12,2025-12-08T17:07:09.216502,-0.851620,851.6202,0.000000,0.000000,0.000000,0.000000,0.000000,0.000000,-0.104878,0.9369,6249,1991,227
13,2025-12-08T17:07:16.100266,-1.242294,1222.2041,0.002009,0.000000,0.000000,0.000000,0.000000,0.000000,-0.116252,0.9322,6578,1987,227
14,2025-12-08T17:07:22.888352,-0.834136,834.1355,0.000000,0.000000,0.000000,0.000000,0.000000,0.000000,-0.123431,0.9276,6544,1991,227
15,2025-12-08T17:07:28.752425,-0.847963,847.9631,0.000000,0.000000,0.000000,0.000000,0.000000,0.000000,-0.130676,0.9229,5540,1991,227
16,2025-12-08T17:07:34.693345,-0.838936,838.9365,0.000000,0.000000,0.000000,0.000000,0.000000,0.000000,-0.137759,0.9183,5694,1991,227
17,2025-12-08T17:07:40.514464,-0.870528,870.5280,0.000000,0.000000,0.000000,0.000000,0.000000,0.000000,-0.145087,0.9137,5490,1991,227
18,2025-12-08T17:07:46.819006,-0.933801,933.8007,0.000000,0.000000,0.000000,0.000000,0.000000,0.000000,-0.152974,0.9092,5964,1991,227
19,2025-12-08T17:07:53.263540,-0.803997,803.9968,0.000000,0.174785,0.174785,0.083011,5.316174,3.513280,-0.159484,0.9046,5946,1991,227
20,2025-12-08T17:07:59.875384,-0.731523,731.5234,0.000000,0.000000,0.000000,0.000000,0.000000,0.000000,-0.165204,0.9001,6081,1991,227
21,2025-12-08T17:08:05.380407,-0.718060,718.0603,0.000000,0.000000,0.000000,0.000000,0.000000,0.000000,-0.170733,0.8956,5149,1991,227
22,2025-12-08T17:08:11.376683,-0.763353,763.3527,0.000000,0.000000,0.000000,0.000000,0.000000,0.000000,-0.176659,0.8911,5724,1991,227
23,2025-12-08T17:08:17.518691,-0.768275,768.2748,0.000000,0.000000,0.000000,0.000000,0.000000,0.000000,-0.182575,0.8867,5911,1991,227
24,2025-12-08T17:08:23.549431,-0.750880,750.8795,0.000000,0.000000,0.000000,0.000000,0.000000,0.000000,-0.188258,0.8822,5735,1991,227
25,2025-12-08T17:08:29.496880,-0.738009,738.0090,0.000000,0.000000,0.000000,0.000000,0.000000,0.000000,-0.193756,0.8778,5672,1991,227
26,2025-12-08T17:08:34.818096,-0.759010,759.0098,0.000000,0.000000,0.000000,0.000000,0.000000,0.000000,-0.199408,0.8734,5049,1991,227
27,2025-12-08T17:08:41.001694,-0.824592,824.5925,0.000000,0.000000,0.000000,0.000000,0.000000,0.000000,-0.205660,0.8691,5915,1991,227
28,2025-12-08T17:08:46.556937,-0.746137,746.1374,0.000000,0.000000,0.000000,0.000000,0.000000,0.000000,-0.211065,0.8647,5365,1991,227
29,2025-12-08T17:08:52.286532,-0.740951,740.9506,0.000000,0.259591,0.259591,0.001095,5.294513,4.470304,-0.216364,0.8604,5347,1991,227
30,2025-12-08T17:08:58.226212,-0.464512,464.5124,0.000000,0.000000,0.000000,0.000000,0.000000,0.000000,-0.218845,0.8561,5695,1991,225
31,2025-12-08T17:09:05.013667,-0.578754,578.7537,0.000000,0.000000,0.000000,0.000000,0.000000,0.000000,-0.222444,0.8518,6547,1991,225
32,2025-12-08T17:09:11.602429,-0.559026,559.0257,0.000000,0.000000,0.000000,0.000000,0.000000,0.000000,-0.225810,0.8475,6396,1991,225
33,2025-12-08T17:09:17.008918,-0.560883,560.8829,0.000000,0.000000,0.000000,0.000000,0.000000,0.000000,-0.229161,0.8433,5218,1991,225
34,2025-12-08T17:09:23.059214,-0.466815,466.8147,0.000000,0.000000,0.000000,0.000000,0.000000,0.000000,-0.231538,0.8391,5844,1991,225
35,2025-12-08T17:09:29.006746,-0.483519,483.5193,0.000000,0.000000,0.000000,0.000000,0.000000,0.000000,-0.234057,0.8349,5696,1991,225
36,2025-12-08T17:09:35.398638,-0.592584,592.5843,0.000000,0.000000,0.000000,0.000000,0.000000,0.000000,-0.237643,0.8307,6178,1991,225
37,2025-12-08T17:09:41.383356,-0.514807,514.8073,0.000000,0.000000,0.000000,0.000000,0.000000,0.000000,-0.240414,0.8266,5637,1991,225
38,2025-12-08T17:09:47.386480,-0.538019,538.0190,0.000000,0.000000,0.000000,0.000000,0.000000,0.000000,-0.243390,0.8224,5733,1991,225
39,2025-12-08T17:09:53.657684,-0.483074,483.0744,0.000000,0.075894,0.075894,0.596267,5.302135,4.201717,-0.245787,0.8183,5727,1991,225
40,2025-12-08T17:09:59.425921,-0.843448,843.4484,0.000000,0.000000,0.000000,0.000000,0.000000,0.000000,-0.251764,0.8142,5531,1991,220
41,2025-12-08T17:10:05.497266,-0.845302,845.3018,0.000000,0.000000,0.000000,0.000000,0.000000,0.000000,-0.257699,0.8102,5874,1991,220
42,2025-12-08T17:10:10.620903,-0.898268,898.2680,0.000000,0.000000,0.000000,0.000000,0.000000,0.000000,-0.264105,0.8061,4923,1991,220
43,2025-12-08T17:10:16.268966,-0.850669,850.6689,0.000000,0.000000,0.000000,0.000000,0.000000,0.000000,-0.269970,0.8021,5415,1991,220
44,2025-12-08T17:10:22.336488,-0.850834,850.8341,0.000000,0.000000,0.000000,0.000000,0.000000,0.000000,-0.275779,0.7981,5755,1991,220
45,2025-12-08T17:10:28.419158,-0.867288,867.2877,0.000000,0.000000,0.000000,0.000000,0.000000,0.000000,-0.281694,0.7941,5786,1991,220
46,2025-12-08T17:10:35.546103,-0.885080,885.0802,0.000000,0.000000,0.000000,0.000000,0.000000,0.000000,-0.287728,0.7901,6831,1991,220
47,2025-12-08T17:10:41.387309,-0.855365,855.3646,0.000000,0.000000,0.000000,0.000000,0.000000,0.000000,-0.293404,0.7862,5563,1991,220
48,2025-12-08T17:10:47.917544,-0.921310,921.3101,0.000000,0.000000,0.000000,0.000000,0.000000,0.000000,-0.299683,0.7822,6276,1991,220
49,2025-12-08T17:10:54.381759,-0.864185,864.1846,0.000000,0.220805,0.220805,1.191842,5.264235,4.088609,-0.305328,0.7783,6035,1991,220
50,2025-12-08T17:11:00.648317,-0.508511,508.5106,0.000000,0.000000,0.000000,0.000000,0.000000,0.000000,-0.307360,0.7744,5904,1991,225
51,2025-12-08T17:11:07.064432,-0.512548,512.5479,0.000000,0.000000,0.000000,0.000000,0.000000,0.000000,-0.309412,0.7705,6144,1991,225
52,2025-12-08T17:11:14.526770,-0.436265,436.2650,0.000000,0.000000,0.000000,0.000000,0.000000,0.000000,-0.310681,0.7667,7200,1991,225
53,2025-12-08T17:11:20.365680,-0.409432,409.4321,0.000000,0.000000,0.000000,0.000000,0.000000,0.000000,-0.311668,0.7629,5630,1991,225
54,2025-12-08T17:11:26.650517,-0.428847,428.8466,0.000000,0.000000,0.000000,0.000000,0.000000,0.000000,-0.312840,0.7590,6007,1991,225
55,2025-12-08T17:11:33.957282,-0.497886,497.8863,0.000000,0.000000,0.000000,0.000000,0.000000,0.000000,-0.314690,0.7553,7016,1991,225
56,2025-12-08T17:11:39.552369,-0.507918,507.9185,0.000000,0.000000,0.000000,0.000000,0.000000,0.000000,-0.316623,0.7515,5305,1991,225
57,2025-12-08T17:11:45.028680,-0.410141,410.1410,0.000000,0.000000,0.000000,0.000000,0.000000,0.000000,-0.317558,0.7477,5204,1991,225
58,2025-12-08T17:11:50.832410,-0.425342,425.3423,0.000000,0.000000,0.000000,0.000000,0.000000,0.000000,-0.318636,0.7440,5519,1991,225
59,2025-12-08T17:11:57.142771,-0.406381,406.3806,0.000000,0.325062,0.325062,0.030869,5.250255,5.045104,-0.319513,0.7403,5929,1991,225
60,2025-12-08T17:12:03.296916,-0.738867,738.8666,0.000000,0.000000,0.000000,0.000000,0.000000,0.000000,-0.323707,0.7366,5859,1991,224
61,2025-12-08T17:12:09.119837,-1.104003,1104.0029,0.000000,0.000000,0.000000,0.000000,0.000000,0.000000,-0.331510,0.7329,5543,1991,224
62,2025-12-08T17:12:15.794147,-1.073667,1073.6667,0.000000,0.000000,0.000000,0.000000,0.000000,0.000000,-0.338931,0.7292,6377,1991,224
63,2025-12-08T17:12:21.679617,-1.066252,1066.2518,0.000000,0.000000,0.000000,0.000000,0.000000,0.000000,-0.346204,0.7256,5629,1991,224
64,2025-12-08T17:12:27.702808,-0.860197,860.1969,0.000000,0.000000,0.000000,0.000000,0.000000,0.000000,-0.351344,0.7219,5771,1991,224
65,2025-12-08T17:12:34.676334,-0.967422,967.4221,0.000000,0.000000,0.000000,0.000000,0.000000,0.000000,-0.357505,0.7183,6694,1991,224
66,2025-12-08T17:12:40.303062,-0.727654,727.6539,0.000000,0.000000,0.000000,0.000000,0.000000,0.000000,-0.361207,0.7147,5368,1991,224
67,2025-12-08T17:12:45.772385,-0.995920,995.9199,0.000000,0.000000,0.000000,0.000000,0.000000,0.000000,-0.367554,0.7112,5221,1991,224
68,2025-12-08T17:12:51.231353,-1.040127,1040.1265,0.000000,0.000000,0.000000,0.000000,0.000000,0.000000,-0.374280,0.7076,5208,1991,224
69,2025-12-08T17:12:57.173491,-0.813480,813.4803,0.000000,0.171798,0.171798,0.245249,5.259460,4.281638,-0.378672,0.7041,5568,1991,224
70,2025-12-08T17:13:03.379528,-0.670975,670.9747,0.000000,0.000000,0.000000,0.000000,0.000000,0.000000,-0.381595,0.7005,5924,1991,227
71,2025-12-08T17:13:10.882184,-0.788965,788.9651,0.000000,0.000000,0.000000,0.000000,0.000000,0.000000,-0.385668,0.6970,7175,1991,227
72,2025-12-08T17:13:16.280631,-0.749589,749.5892,0.000000,0.000000,0.000000,0.000000,0.000000,0.000000,-0.389307,0.6936,5120,1991,227
73,2025-12-08T17:13:22.071069,-0.680619,680.6185,0.000000,0.000000,0.000000,0.000000,0.000000,0.000000,-0.392221,0.6901,5475,1991,227
74,2025-12-08T17:13:28.311337,-0.687788,687.7881,0.000000,0.000000,0.000000,0.000000,0.000000,0.000000,-0.395176,0.6866,6012,1991,227
75,2025-12-08T17:13:35.494856,-0.596425,596.4249,0.000000,0.000000,0.000000,0.000000,0.000000,0.000000,-0.397189,0.6832,6954,1991,227
76,2025-12-08T17:13:41.029480,-0.755349,755.3490,0.000000,0.000000,0.000000,0.000000,0.000000,0.000000,-0.400770,0.6798,5333,1991,227
77,2025-12-08T17:13:48.514837,-0.738364,738.3637,0.000000,0.000000,0.000000,0.000000,0.000000,0.000000,-0.404146,0.6764,7201,1991,227
78,2025-12-08T17:13:54.051796,-0.703229,703.2292,0.000000,0.000000,0.000000,0.000000,0.000000,0.000000,-0.407137,0.6730,5291,1991,227
79,2025-12-08T17:14:00.150101,-0.689199,689.1992,0.000000,0.305677,0.305677,0.069210,5.245521,5.832786,-0.409958,0.6696,5647,1991,227
80,2025-12-08T17:14:07.750530,-0.793304,793.3038,0.000000,0.000000,0.000000,0.000000,0.000000,0.000000,-0.413791,0.6663,7342,1991,223
81,2025-12-08T17:14:13.781510,-0.897955,897.9554,0.000000,0.000000,0.000000,0.000000,0.000000,0.000000,-0.418633,0.6630,5855,1991,223
82,2025-12-08T17:14:19.078943,-0.897756,897.7565,0.000000,0.000000,0.000000,0.000000,0.000000,0.000000,-0.423424,0.6597,5111,1991,223
83,2025-12-08T17:14:25.434321,-0.772336,772.3365,0.000000,0.000000,0.000000,0.000000,0.000000,0.000000,-0.426913,0.6564,6149,1991,223
84,2025-12-08T17:14:31.133962,-0.859539,859.5394,0.000000,0.000000,0.000000,0.000000,0.000000,0.000000,-0.431239,0.6531,5433,1991,223
85,2025-12-08T17:14:36.881049,-0.766095,766.0947,0.000000,0.000000,0.000000,0.000000,0.000000,0.000000,-0.434588,0.6498,5487,1991,223
86,2025-12-08T17:14:43.036785,-0.763120,763.1196,0.000000,0.000000,0.000000,0.000000,0.000000,0.000000,-0.437873,0.6466,5935,1991,223
87,2025-12-08T17:14:50.221735,-0.893625,893.6254,0.000000,0.000000,0.000000,0.000000,0.000000,0.000000,-0.442431,0.6433,6912,1991,223
88,2025-12-08T17:14:55.374107,-0.777271,777.2713,0.000000,0.000000,0.000000,0.000000,0.000000,0.000000,-0.445779,0.6401,4754,1991,223
89,2025-12-08T17:15:01.201548,-0.778499,778.4992,0.000000,0.264998,0.264998,0.005273,5.207915,6.012492,-0.449106,0.6369,5362,1991,223
90,2025-12-08T17:15:08.904916,-0.553915,553.9146,0.000000,0.000000,0.000000,0.000000,0.000000,0.000000,-0.450155,0.6337,7390,1991,222
91,2025-12-08T17:15:16.104850,-0.555557,555.5573,0.000000,0.000000,0.000000,0.000000,0.000000,0.000000,-0.451209,0.6306,6841,1991,222
92,2025-12-08T17:15:23.007383,-0.510231,510.2313,0.000000,0.000000,0.000000,0.000000,0.000000,0.000000,-0.451799,0.6274,6555,1991,222
93,2025-12-08T17:15:29.935414,-0.592647,592.6475,0.000000,0.000000,0.000000,0.000000,0.000000,0.000000,-0.453207,0.6243,6653,1991,222
94,2025-12-08T17:15:35.818889,-0.556877,556.8770,0.000000,0.000000,0.000000,0.000000,0.000000,0.000000,-0.454244,0.6211,5603,1991,222
95,2025-12-08T17:15:42.391494,-0.604586,604.5862,0.000000,0.000000,0.000000,0.000000,0.000000,0.000000,-0.455747,0.6180,6317,1991,222
96,2025-12-08T17:15:49.600228,-0.484217,484.2166,0.000000,0.000000,0.000000,0.000000,0.000000,0.000000,-0.456032,0.6149,6920,1991,222
97,2025-12-08T17:15:57.407990,-0.705154,705.1539,0.000000,0.000000,0.000000,0.000000,0.000000,0.000000,-0.458523,0.6119,7521,1991,222
98,2025-12-08T17:16:04.869197,-0.643256,643.2563,0.000000,0.000000,0.000000,0.000000,0.000000,0.000000,-0.460371,0.6088,7133,1991,222
99,2025-12-08T17:16:12.677725,-0.600731,600.7314,0.000000,0.253932,0.253932,0.118073,5.190801,6.503951,-0.461774,0.6058,7206,1991,222
100,2025-12-08T17:16:20.596815,-0.573943,573.9433,0.000000,0.000000,0.000000,0.000000,0.000000,0.000000,-0.462896,0.6027,7552,1991,227
101,2025-12-08T17:16:26.622203,-0.566595,566.5947,0.000000,0.000000,0.000000,0.000000,0.000000,0.000000,-0.463933,0.5997,5609,1991,227
102,2025-12-08T17:16:31.768000,-0.416889,416.8886,0.000000,0.000000,0.000000,0.000000,0.000000,0.000000,-0.463462,0.5967,4946,1991,227
103,2025-12-08T17:16:36.879640,-0.489709,489.7092,0.000000,0.000000,0.000000,0.000000,0.000000,0.000000,-0.463725,0.5937,4902,1991,227
105,2025-12-08T17:34:00.798902,-0.565782,565.7823,0.000000,0.000000,0.000000,0.000000,0.000000,0.000000,-0.464746,0.5908,22493,1991,227
106,2025-12-08T17:34:08.667891,-0.430142,430.1418,0.000000,0.000000,0.000000,0.000000,0.000000,0.000000,-0.464399,0.5878,7562,1991,227
107,2025-12-08T17:34:15.569439,-0.518020,518.0202,0.000000,0.000000,0.000000,0.000000,0.000000,0.000000,-0.464936,0.5849,6642,1991,227
108,2025-12-08T17:34:21.443003,-0.421661,421.6614,0.000000,0.000000,0.000000,0.000000,0.000000,0.000000,-0.464503,0.5820,5630,1991,227
109,2025-12-08T17:34:27.220965,-0.424057,424.0568,0.000000,0.000000,0.000000,0.000000,0.000000,0.000000,-0.464098,0.5790,5550,1991,227
110,2025-12-08T17:34:33.183397,-1.072476,1072.4757,0.000000,0.243677,0.243677,0.054318,5.180033,7.811326,-0.470182,0.5762,5562,1991,226
111,2025-12-08T17:34:39.368636,-1.005134,1005.1343,0.000000,0.000000,0.000000,0.000000,0.000000,0.000000,-0.475532,0.5733,5900,1991,226
112,2025-12-08T17:34:45.140123,-0.889963,889.9634,0.000000,0.000000,0.000000,0.000000,0.000000,0.000000,-0.479676,0.5704,5560,1991,226
113,2025-12-08T17:34:50.408247,-1.033521,1033.5205,0.000000,0.000000,0.000000,0.000000,0.000000,0.000000,-0.485215,0.5676,5028,1991,226
114,2025-12-08T17:34:55.280730,-0.765445,765.4453,0.000000,0.000000,0.000000,0.000000,0.000000,0.000000,-0.488017,0.5647,4616,1991,226
115,2025-12-08T17:34:59.817381,-1.046755,1046.7554,0.000000,0.000000,0.000000,0.000000,0.000000,0.000000,-0.493604,0.5619,4315,1991,226
116,2025-12-08T17:35:04.704614,-0.957162,957.1623,0.000000,0.000000,0.000000,0.000000,0.000000,0.000000,-0.498240,0.5591,4656,1991,226
117,2025-12-08T17:35:09.191797,-0.743516,743.5160,0.000000,0.000000,0.000000,0.000000,0.000000,0.000000,-0.500693,0.5563,4219,1991,226
118,2025-12-08T17:35:14.375129,-0.839661,839.6613,0.000000,0.000000,0.000000,0.000000,0.000000,0.000000,-0.504082,0.5535,4807,1991,226
119,2025-12-08T17:35:18.934782,-1.008384,1008.3838,0.000000,0.000000,0.000000,0.000000,0.000000,0.000000,-0.509125,0.5507,4294,1991,226
120,2025-12-08T17:35:23.381196,-0.778935,778.9349,0.000000,0.346939,0.346939,0.451085,5.147515,5.926858,-0.511823,0.5480,4055,1991,226
121,2025-12-08T17:35:27.938268,-0.759382,759.3816,0.000000,0.000000,0.000000,0.000000,0.000000,0.000000,-0.514299,0.5452,4340,1991,226
122,2025-12-08T17:35:32.294783,-0.710866,710.8660,0.000000,0.000000,0.000000,0.000000,0.000000,0.000000,-0.516265,0.5425,4146,1991,226
123,2025-12-08T17:35:37.335330,-0.841029,841.0287,0.000000,0.000000,0.000000,0.000000,0.000000,0.000000,-0.519512,0.5398,4855,1991,226
124,2025-12-08T17:35:42.113588,-0.969759,969.7586,0.000000,0.000000,0.000000,0.000000,0.000000,0.000000,-0.524015,0.5371,4587,1991,226
125,2025-12-08T17:35:46.635156,-0.729763,729.7632,0.000000,0.000000,0.000000,0.000000,0.000000,0.000000,-0.526072,0.5344,4189,1991,226
126,2025-12-08T17:35:51.735702,-0.878776,878.7763,0.000000,0.000000,0.000000,0.000000,0.000000,0.000000,-0.529599,0.5318,4820,1991,226
127,2025-12-08T17:35:56.512377,-0.971259,971.2585,0.000000,0.000000,0.000000,0.000000,0.000000,0.000000,-0.534016,0.5291,4579,1991,226
128,2025-12-08T17:36:00.934600,-0.731631,731.6314,0.000000,0.000000,0.000000,0.000000,0.000000,0.000000,-0.535992,0.5264,4207,1991,226
129,2025-12-08T17:36:05.581188,-0.735594,735.5943,0.000000,0.000000,0.000000,0.000000,0.000000,0.000000,-0.537988,0.5238,4413,1991,226
130,2025-12-08T17:36:10.595332,-0.645877,645.8772,0.000000,0.326598,0.326598,0.411916,5.130524,8.488068,-0.539067,0.5212,4444,1991,229
131,2025-12-08T17:36:15.273635,-0.668480,668.4800,0.000000,0.000000,0.000000,0.000000,0.000000,0.000000,-0.540361,0.5186,4468,1991,229
132,2025-12-08T17:36:19.679912,-0.798651,798.6513,0.000000,0.000000,0.000000,0.000000,0.000000,0.000000,-0.542944,0.5160,4221,1991,229
133,2025-12-08T17:36:24.401603,-0.773253,773.2529,0.000000,0.000000,0.000000,0.000000,0.000000,0.000000,-0.545247,0.5134,4515,1991,229
134,2025-12-08T17:36:29.119813,-0.739388,739.3879,0.000000,0.000000,0.000000,0.000000,0.000000,0.000000,-0.547188,0.5108,4474,1991,229
135,2025-12-08T17:36:33.787391,-0.848574,848.5741,0.000000,0.000000,0.000000,0.000000,0.000000,0.000000,-0.550202,0.5083,4459,1991,229
136,2025-12-08T17:36:38.506777,-0.646138,646.1380,0.000000,0.000000,0.000000,0.000000,0.000000,0.000000,-0.551162,0.5058,4427,1991,229
137,2025-12-08T17:36:43.004551,-0.747261,747.2615,0.000000,0.000000,0.000000,0.000000,0.000000,0.000000,-0.553123,0.5032,4304,1991,229
138,2025-12-08T17:36:47.769278,-0.716245,716.2453,0.000000,0.000000,0.000000,0.000000,0.000000,0.000000,-0.554754,0.5007,4574,1991,229
139,2025-12-08T17:36:52.413988,-0.668069,668.0688,0.000000,0.000000,0.000000,0.000000,0.000000,0.000000,-0.555887,0.4982,4452,1991,229
140,2025-12-08T17:36:57.070129,-0.771563,771.5633,0.000000,0.314986,0.314986,0.217677,5.103151,8.717359,-0.558044,0.4957,4279,1991,229
141,2025-12-08T17:37:02.017333,-0.711586,711.5864,0.000000,0.000000,0.000000,0.000000,0.000000,0.000000,-0.559579,0.4932,4620,1991,229
142,2025-12-08T17:37:06.833457,-0.747486,747.4861,0.000000,0.000000,0.000000,0.000000,0.000000,0.000000,-0.561458,0.4908,4628,1991,229
143,2025-12-08T17:37:11.308167,-0.781529,781.5293,0.000000,0.000000,0.000000,0.000000,0.000000,0.000000,-0.563659,0.4883,4277,1991,229
144,2025-12-08T17:37:15.849349,-0.718091,718.0913,0.000000,0.000000,0.000000,0.000000,0.000000,0.000000,-0.565203,0.4859,4310,1991,229
145,2025-12-08T17:37:20.349573,-0.770491,770.4907,0.000000,0.000000,0.000000,0.000000,0.000000,0.000000,-0.567256,0.4834,4272,1991,229
146,2025-12-08T17:37:25.668448,-0.639819,639.8190,0.000000,0.000000,0.000000,0.000000,0.000000,0.000000,-0.567982,0.4810,5119,1991,229
147,2025-12-08T17:37:30.437081,-0.747676,747.6760,0.000000,0.000000,0.000000,0.000000,0.000000,0.000000,-0.569779,0.4786,4596,1991,229
148,2025-12-08T17:37:35.570837,-0.801359,801.3594,0.000000,0.000000,0.000000,0.000000,0.000000,0.000000,-0.572095,0.4762,4923,1991,229
149,2025-12-08T17:37:40.628128,-0.783295,783.2945,0.000000,0.000000,0.000000,0.000000,0.000000,0.000000,-0.574207,0.4738,4864,1991,229
150,2025-12-08T17:37:45.439404,-0.773683,773.6827,0.000000,0.258534,0.258534,0.027347,5.088141,9.054309,-0.576201,0.4715,4512,1991,227
151,2025-12-08T17:37:50.110605,-0.754233,754.2331,0.000000,0.000000,0.000000,0.000000,0.000000,0.000000,-0.577982,0.4691,4510,1991,227
152,2025-12-08T17:37:55.283311,-0.644841,644.8413,0.000000,0.000000,0.000000,0.000000,0.000000,0.000000,-0.578650,0.4668,4979,1991,227
153,2025-12-08T17:37:59.988215,-0.765654,765.6543,0.000000,0.000000,0.000000,0.000000,0.000000,0.000000,-0.580520,0.4644,4493,1991,227
154,2025-12-08T17:38:04.911853,-0.722837,722.8366,0.000000,0.000000,0.000000,0.000000,0.000000,0.000000,-0.581943,0.4621,4640,1991,227
155,2025-12-08T17:38:09.774417,-0.642517,642.5169,0.000000,0.000000,0.000000,0.000000,0.000000,0.000000,-0.582549,0.4598,4624,1991,227
156,2025-12-08T17:38:15.074280,-0.630230,630.2300,0.000000,0.000000,0.000000,0.000000,0.000000,0.000000,-0.583026,0.4575,5089,1991,227
157,2025-12-08T17:38:19.794679,-0.734361,734.3614,0.000000,0.000000,0.000000,0.000000,0.000000,0.000000,-0.584539,0.4552,4523,1991,227
158,2025-12-08T17:38:24.980233,-0.754834,754.8339,0.000000,0.000000,0.000000,0.000000,0.000000,0.000000,-0.586242,0.4529,4990,1991,227
159,2025-12-08T17:38:30.070240,-0.718527,718.5275,0.000000,0.000000,0.000000,0.000000,0.000000,0.000000,-0.587565,0.4507,4877,1991,227
160,2025-12-08T17:38:35.414119,-1.097824,1097.8243,0.000000,0.228905,0.228905,0.095728,5.048561,11.578254,-0.592668,0.4484,4928,1991,225
161,2025-12-08T17:38:40.406804,-0.972921,972.9215,0.000000,0.000000,0.000000,0.000000,0.000000,0.000000,-0.596470,0.4462,4754,1991,225
162,2025-12-08T17:38:45.274863,-1.061715,1061.7152,0.000000,0.000000,0.000000,0.000000,0.000000,0.000000,-0.601123,0.4440,4616,1991,225
163,2025-12-08T17:38:50.346384,-1.162588,1162.5877,0.000000,0.000000,0.000000,0.000000,0.000000,0.000000,-0.606737,0.4417,4812,1991,225
164,2025-12-08T17:38:55.958526,-1.204737,1204.7373,0.000000,0.000000,0.000000,0.000000,0.000000,0.000000,-0.612717,0.4395,5317,1991,225
165,2025-12-08T17:39:02.836003,-1.117455,1117.4555,0.000000,0.000000,0.000000,0.000000,0.000000,0.000000,-0.617765,0.4373,6495,1991,225
166,2025-12-08T17:39:11.085184,-1.103156,1103.1561,0.000000,0.000000,0.000000,0.000000,0.000000,0.000000,-0.622619,0.4351,7926,1991,225
167,2025-12-08T17:39:17.559602,-1.206151,1206.1507,0.000000,0.000000,0.000000,0.000000,0.000000,0.000000,-0.628454,0.4330,6248,1991,225
168,2025-12-08T17:39:24.171261,-1.113563,1113.5633,0.000000,0.000000,0.000000,0.000000,0.000000,0.000000,-0.633305,0.4308,6317,1991,225
169,2025-12-08T17:39:30.336289,-0.967867,967.8667,0.000000,0.000000,0.000000,0.000000,0.000000,0.000000,-0.636651,0.4286,5925,1991,225
170,2025-12-08T17:39:39.404666,-0.729109,729.1090,0.000000,0.291148,0.291148,0.044275,5.024501,11.849493,-0.637575,0.4265,8673,1991,228
171,2025-12-08T17:39:45.248588,-0.671952,671.9515,0.000000,0.000000,0.000000,0.000000,0.000000,0.000000,-0.637919,0.4244,5639,1991,228
172,2025-12-08T17:39:51.334700,-0.562523,562.5232,0.000000,0.000000,0.000000,0.000000,0.000000,0.000000,-0.637165,0.4223,5838,1991,228
173,2025-12-08T17:39:57.481313,-0.604962,604.9625,0.000000,0.000000,0.000000,0.000000,0.000000,0.000000,-0.636843,0.4201,5825,1991,228
174,2025-12-08T17:40:03.216877,-0.587029,587.0287,0.000000,0.000000,0.000000,0.000000,0.000000,0.000000,-0.636345,0.4180,5413,1991,228
175,2025-12-08T17:40:10.494386,-0.712497,712.4967,0.000000,0.000000,0.000000,0.000000,0.000000,0.000000,-0.637106,0.4159,7048,1991,228
176,2025-12-08T17:40:16.959876,-0.772023,772.0233,0.000000,0.000000,0.000000,0.000000,0.000000,0.000000,-0.638456,0.4139,6224,1991,228
177,2025-12-08T17:40:22.744181,-0.586313,586.3128,0.000000,0.000000,0.000000,0.000000,0.000000,0.000000,-0.637934,0.4118,5558,1991,228
178,2025-12-08T17:40:28.460744,-0.682020,682.0205,0.000000,0.000000,0.000000,0.000000,0.000000,0.000000,-0.638375,0.4097,5377,1991,228
179,2025-12-08T17:40:33.753094,-0.686857,686.8568,0.000000,0.000000,0.000000,0.000000,0.000000,0.000000,-0.638860,0.4077,4992,1991,228
180,2025-12-08T17:40:39.040135,-0.532914,532.9138,0.000000,0.340254,0.340254,0.298987,5.029744,12.060374,-0.637800,0.4057,4818,1991,221
181,2025-12-08T17:40:45.216327,-0.482110,482.1095,0.000000,0.000000,0.000000,0.000000,0.000000,0.000000,-0.636243,0.4036,5922,1991,221
182,2025-12-08T17:40:51.337289,-0.477039,477.0388,0.000000,0.000000,0.000000,0.000000,0.000000,0.000000,-0.634651,0.4016,5849,1991,221
183,2025-12-08T17:40:58.902700,-0.467791,467.7909,0.000000,0.000000,0.000000,0.000000,0.000000,0.000000,-0.632983,0.3996,7298,1991,221
184,2025-12-08T17:41:07.422401,-0.472699,472.6994,0.000000,0.000000,0.000000,0.000000,0.000000,0.000000,-0.631380,0.3976,8147,1991,221
185,2025-12-08T17:41:13.026066,-0.571645,571.6454,0.000000,0.000000,0.000000,0.000000,0.000000,0.000000,-0.630783,0.3956,5403,1991,221
186,2025-12-08T17:41:19.221493,-0.550156,550.1564,0.000000,0.000000,0.000000,0.000000,0.000000,0.000000,-0.629976,0.3936,5959,1991,221
187,2025-12-08T17:41:25.645510,-0.446298,446.2978,0.000000,0.000000,0.000000,0.000000,0.000000,0.000000,-0.628140,0.3917,6157,1991,221
188,2025-12-08T17:41:31.538489,-0.544253,544.2534,0.000000,0.000000,0.000000,0.000000,0.000000,0.000000,-0.627301,0.3897,5640,1991,221
189,2025-12-08T17:41:37.238421,-0.526013,526.0126,0.000000,0.000000,0.000000,0.000000,0.000000,0.000000,-0.626288,0.3878,5534,1991,221
190,2025-12-08T17:41:42.947675,-0.623477,623.4772,0.000000,0.336166,0.336166,0.265701,4.905620,14.558011,-0.626260,0.3858,5277,1991,223
191,2025-12-08T17:41:48.889287,-0.538669,538.6692,0.000000,0.000000,0.000000,0.000000,0.000000,0.000000,-0.625384,0.3839,5682,1991,223
192,2025-12-08T17:41:55.309885,-0.556098,556.0981,0.000000,0.000000,0.000000,0.000000,0.000000,0.000000,-0.624691,0.3820,6215,1991,223
193,2025-12-08T17:42:01.636970,-0.576757,576.7571,0.000000,0.000000,0.000000,0.000000,0.000000,0.000000,-0.624212,0.3801,6113,1991,223
194,2025-12-08T17:42:07.892428,-0.635934,635.9341,0.000000,0.000000,0.000000,0.000000,0.000000,0.000000,-0.624329,0.3782,6031,1991,223
195,2025-12-08T17:42:13.783604,-0.563548,563.5482,0.000000,0.000000,0.000000,0.000000,0.000000,0.000000,-0.623721,0.3763,5602,1991,223
196,2025-12-08T17:42:19.669599,-0.613580,613.5803,0.000000,0.000000,0.000000,0.000000,0.000000,0.000000,-0.623620,0.3744,5576,1991,223
197,2025-12-08T17:42:25.709377,-0.626665,626.6649,0.000000,0.000000,0.000000,0.000000,0.000000,0.000000,-0.623650,0.3725,5834,1991,223
198,2025-12-08T17:42:31.268691,-0.658174,658.1745,0.000000,0.000000,0.000000,0.000000,0.000000,0.000000,-0.623995,0.3707,5309,1991,223
199,2025-12-08T17:42:37.140953,-0.562543,562.5430,0.000000,0.000000,0.000000,0.000000,0.000000,0.000000,-0.623381,0.3688,5637,1991,223
200,2025-12-08T17:42:42.914946,-0.479676,479.6765,0.000000,0.315053,0.315053,0.017806,4.913428,13.761763,-0.621944,0.3670,5285,1991,227
201,2025-12-08T17:42:48.454467,-0.713110,713.1102,0.000000,0.000000,0.000000,0.000000,0.000000,0.000000,-0.622855,0.3651,5278,1991,227
202,2025-12-08T17:42:54.516758,-0.607465,607.4655,0.000000,0.000000,0.000000,0.000000,0.000000,0.000000,-0.622702,0.3633,5816,1991,227
203,2025-12-08T17:43:00.563027,-0.659101,659.1009,0.000000,0.000000,0.000000,0.000000,0.000000,0.000000,-0.623066,0.3615,5823,1991,227
204,2025-12-08T17:43:06.270150,-0.620509,620.5089,0.000000,0.000000,0.000000,0.000000,0.000000,0.000000,-0.623040,0.3597,5487,1991,227
205,2025-12-08T17:43:12.363612,-0.531121,531.1206,0.000000,0.000000,0.000000,0.000000,0.000000,0.000000,-0.622121,0.3579,5791,1991,227
206,2025-12-08T17:43:18.362610,-0.744023,744.0227,0.000000,0.000000,0.000000,0.000000,0.000000,0.000000,-0.623340,0.3561,5760,1991,227
207,2025-12-08T17:43:24.449198,-0.691215,691.2151,0.000000,0.000000,0.000000,0.000000,0.000000,0.000000,-0.624019,0.3543,5883,1991,227
208,2025-12-08T17:43:29.774355,-0.467356,467.3562,0.000000,0.000000,0.000000,0.000000,0.000000,0.000000,-0.622452,0.3525,5036,1991,227
209,2025-12-08T17:43:35.574664,-0.744853,744.8532,0.000000,0.000000,0.000000,0.000000,0.000000,0.000000,-0.623676,0.3508,5542,1991,227
210,2025-12-08T17:43:42.066597,-0.744124,744.1245,0.000000,0.320006,0.320006,0.126444,4.832539,17.365078,-0.624880,0.3490,6006,1991,222
211,2025-12-08T17:43:48.332641,-0.713639,713.6392,0.000000,0.000000,0.000000,0.000000,0.000000,0.000000,-0.625768,0.3473,6011,1991,222
212,2025-12-08T17:43:53.978962,-0.744505,744.5047,0.000000,0.000000,0.000000,0.000000,0.000000,0.000000,-0.626955,0.3455,5348,1991,222
213,2025-12-08T17:43:59.504693,-0.823249,823.2491,0.000000,0.000000,0.000000,0.000000,0.000000,0.000000,-0.628918,0.3438,5322,1991,222
214,2025-12-08T17:44:05.574493,-0.768319,768.3192,0.000000,0.000000,0.000000,0.000000,0.000000,0.000000,-0.630312,0.3421,5877,1991,222
215,2025-12-08T17:44:11.569209,-0.692438,692.4378,0.000000,0.000000,0.000000,0.000000,0.000000,0.000000,-0.630934,0.3404,5801,1991,222
216,2025-12-08T17:44:17.478352,-0.711690,711.6899,0.000000,0.000000,0.000000,0.000000,0.000000,0.000000,-0.631741,0.3387,5606,1991,222
217,2025-12-08T17:44:23.372700,-0.715169,715.1687,0.000000,0.000000,0.000000,0.000000,0.000000,0.000000,-0.632575,0.3370,5660,1991,222
218,2025-12-08T17:44:29.541836,-0.723161,723.1614,0.000000,0.000000,0.000000,0.000000,0.000000,0.000000,-0.633481,0.3353,5940,1991,222
219,2025-12-08T17:44:35.587466,-0.749069,749.0694,0.000000,0.000000,0.000000,0.000000,0.000000,0.000000,-0.634637,0.3336,5831,1991,222
220,2025-12-08T17:44:41.069931,-0.662482,662.4819,0.000000,0.297956,0.297956,0.370275,4.865758,17.297909,-0.634916,0.3320,5043,1991,221
221,2025-12-08T17:44:47.192285,-0.681775,681.7751,0.000000,0.000000,0.000000,0.000000,0.000000,0.000000,-0.635384,0.3303,5885,1991,221
222,2025-12-08T17:44:53.488670,-0.451916,451.9161,0.000000,0.000000,0.000000,0.000000,0.000000,0.000000,-0.633550,0.3286,6061,1991,221
223,2025-12-08T17:45:00.448539,-0.517740,517.7400,0.000000,0.000000,0.000000,0.000000,0.000000,0.000000,-0.632391,0.3270,6734,1991,221
224,2025-12-08T17:45:07.210214,-0.562317,562.3174,0.000000,0.000000,0.000000,0.000000,0.000000,0.000000,-0.631691,0.3254,6441,1991,221
225,2025-12-08T17:45:13.105371,-0.534991,534.9909,0.000000,0.000000,0.000000,0.000000,0.000000,0.000000,-0.630724,0.3237,5595,1991,221
226,2025-12-08T17:45:21.159195,-0.601368,601.3680,0.000000,0.000000,0.000000,0.000000,0.000000,0.000000,-0.630430,0.3221,7708,1991,221
227,2025-12-08T17:45:28.508445,-0.481361,481.3615,0.000000,0.000000,0.000000,0.000000,0.000000,0.000000,-0.628939,0.3205,7039,1991,221
228,2025-12-08T17:45:34.182128,-0.619098,619.0982,0.000000,0.000000,0.000000,0.000000,0.000000,0.000000,-0.628841,0.3189,5430,1991,221
229,2025-12-08T17:45:39.215895,-0.605755,605.7554,0.000000,0.000000,0.000000,0.000000,0.000000,0.000000,-0.628610,0.3173,4834,1991,221
230,2025-12-08T17:45:45.701027,-0.702205,702.2046,0.000000,0.326268,0.326268,0.244287,4.715684,18.233488,-0.629346,0.3157,6000,1991,225
231,2025-12-08T17:45:51.727025,-0.722308,722.3084,0.000000,0.000000,0.000000,0.000000,0.000000,0.000000,-0.630276,0.3141,5795,1991,225
232,2025-12-08T17:45:58.016347,-0.854468,854.4683,0.000000,0.000000,0.000000,0.000000,0.000000,0.000000,-0.632518,0.3126,6012,1991,225
233,2025-12-08T17:46:04.084908,-0.823403,823.4027,0.000000,0.000000,0.000000,0.000000,0.000000,0.000000,-0.634427,0.3110,5838,1991,225
234,2025-12-08T17:46:09.769945,-0.735031,735.0313,0.000000,0.000000,0.000000,0.000000,0.000000,0.000000,-0.635433,0.3095,5433,1991,225
235,2025-12-08T17:46:15.570825,-0.716158,716.1575,0.000000,0.000000,0.000000,0.000000,0.000000,0.000000,-0.636240,0.3079,5532,1991,225
236,2025-12-08T17:46:22.054573,-0.783887,783.8873,0.000000,0.000000,0.000000,0.000000,0.000000,0.000000,-0.637716,0.3064,6234,1991,225
237,2025-12-08T17:46:28.843772,-0.754348,754.3476,0.000000,0.000000,0.000000,0.000000,0.000000,0.000000,-0.638883,0.3048,6569,1991,225
238,2025-12-08T17:46:34.871244,-0.855037,855.0371,0.000000,0.000000,0.000000,0.000000,0.000000,0.000000,-0.641044,0.3033,5750,1991,225
239,2025-12-08T17:46:40.909872,-0.800608,800.6080,0.000000,0.000000,0.000000,0.000000,0.000000,0.000000,-0.642640,0.3018,5775,1991,225
240,2025-12-08T17:46:46.947713,-0.456751,456.7512,0.000000,0.242635,0.242635,0.323500,4.655404,17.803440,-0.640781,0.3003,5628,1991,227
241,2025-12-08T17:46:52.619404,-0.431919,431.9192,0.000000,0.000000,0.000000,0.000000,0.000000,0.000000,-0.638692,0.2988,5483,1991,227
242,2025-12-08T17:46:58.480862,-0.437133,437.1328,0.000000,0.000000,0.000000,0.000000,0.000000,0.000000,-0.636677,0.2973,5594,1991,227
243,2025-12-08T17:47:04.724810,-0.487733,487.7330,0.000000,0.000000,0.000000,0.000000,0.000000,0.000000,-0.635187,0.2958,6018,1991,227
244,2025-12-08T17:47:10.820197,-0.404122,404.1223,0.000000,0.000000,0.000000,0.000000,0.000000,0.000000,-0.632877,0.2943,5833,1991,227
245,2025-12-08T17:47:17.635298,-0.395883,395.8833,0.000000,0.000000,0.000000,0.000000,0.000000,0.000000,-0.630507,0.2929,6574,1991,227
246,2025-12-08T17:47:26.638958,-0.420858,420.8579,0.000000,0.000000,0.000000,0.000000,0.000000,0.000000,-0.628410,0.2914,8705,1991,227
247,2025-12-08T17:47:41.491105,-0.398087,398.0875,0.000000,0.000000,0.000000,0.000000,0.000000,0.000000,-0.626107,0.2899,14425,1991,227
248,2025-12-08T17:47:49.581248,-0.441199,441.1994,0.000000,0.000000,0.000000,0.000000,0.000000,0.000000,-0.624258,0.2885,7821,1991,227
249,2025-12-08T17:47:56.673761,-0.423442,423.4424,0.000000,0.000000,0.000000,0.000000,0.000000,0.000000,-0.622250,0.2870,6817,1991,227
250,2025-12-08T17:48:03.384548,-0.601350,601.3496,0.000000,0.265037,0.265037,0.006077,4.636088,18.673803,-0.622041,0.2856,6168,1991,221
251,2025-12-08T17:48:12.904344,-0.436854,436.8543,0.000000,0.000000,0.000000,0.000000,0.000000,0.000000,-0.620189,0.2842,9262,1991,221
252,2025-12-08T17:48:19.769942,-0.635096,635.0965,0.000000,0.000000,0.000000,0.000000,0.000000,0.000000,-0.620338,0.2828,6578,1991,221
253,2025-12-08T17:48:25.315121,-0.497364,497.3635,0.000000,0.000000,0.000000,0.000000,0.000000,0.000000,-0.619108,0.2813,5305,1991,221
254,2025-12-08T17:48:31.000197,-0.662504,662.5040,0.000000,0.000000,0.000000,0.000000,0.000000,0.000000,-0.619542,0.2799,5439,1991,221
255,2025-12-08T17:48:37.977013,-0.662310,662.3098,0.000000,0.000000,0.000000,0.000000,0.000000,0.000000,-0.619970,0.2785,6641,1991,221
256,2025-12-08T17:48:44.292035,-0.540804,540.8039,0.000000,0.000000,0.000000,0.000000,0.000000,0.000000,-0.619178,0.2771,6066,1991,221
257,2025-12-08T17:48:51.497250,-0.558607,558.6065,0.000000,0.000000,0.000000,0.000000,0.000000,0.000000,-0.618572,0.2758,6940,1991,221
258,2025-12-08T17:48:57.374344,-0.518976,518.9757,0.000000,0.000000,0.000000,0.000000,0.000000,0.000000,-0.617576,0.2744,5617,1991,221
259,2025-12-08T17:49:05.180930,-0.438953,438.9529,0.000000,0.000000,0.000000,0.000000,0.000000,0.000000,-0.615790,0.2730,7576,1991,221
260,2025-12-08T17:49:11.046503,-1.109835,1109.8354,0.000000,0.262832,0.262832,0.039996,4.573093,24.218729,-0.620731,0.2716,5347,1991,227
261,2025-12-08T17:49:17.012876,-1.064029,1064.0287,0.000000,0.000000,0.000000,0.000000,0.000000,0.000000,-0.625164,0.2703,5665,1991,227
262,2025-12-08T17:49:22.863156,-1.086200,1086.2001,0.000000,0.000000,0.000000,0.000000,0.000000,0.000000,-0.629774,0.2689,5590,1991,227
263,2025-12-08T17:49:28.633788,-1.148088,1148.0876,0.000000,0.000000,0.000000,0.000000,0.000000,0.000000,-0.634957,0.2676,5478,1991,227
264,2025-12-08T17:49:33.874344,-1.166189,1166.1891,0.000000,0.000000,0.000000,0.000000,0.000000,0.000000,-0.640270,0.2663,5012,1991,227
265,2025-12-08T17:49:39.173472,-1.192170,1192.1702,0.000000,0.000000,0.000000,0.000000,0.000000,0.000000,-0.645789,0.2649,5047,1991,227
266,2025-12-08T17:49:45.676725,-1.119494,1119.4936,0.000000,0.000000,0.000000,0.000000,0.000000,0.000000,-0.650526,0.2636,6251,1991,227
267,2025-12-08T17:49:51.888872,-1.071131,1071.1308,0.000000,0.000000,0.000000,0.000000,0.000000,0.000000,-0.654732,0.2623,5896,1991,227
268,2025-12-08T17:49:57.569838,-1.149317,1149.3174,0.000000,0.000000,0.000000,0.000000,0.000000,0.000000,-0.659677,0.2610,5411,1991,227
269,2025-12-08T17:50:03.672607,-1.133034,1133.0345,0.000000,0.000000,0.000000,0.000000,0.000000,0.000000,-0.664411,0.2597,5792,1991,227
270,2025-12-08T17:50:09.479185,-0.350123,350.1227,0.000000,0.224531,0.224531,0.116678,4.507286,19.874268,-0.661268,0.2584,5410,1991,221
271,2025-12-08T17:50:15.170809,-0.341196,341.1959,0.000000,0.000000,0.000000,0.000000,0.000000,0.000000,-0.658067,0.2571,5495,1991,221
272,2025-12-08T17:50:21.353834,-0.369051,369.0513,0.000000,0.000000,0.000000,0.000000,0.000000,0.000000,-0.655177,0.2558,5866,1991,221
273,2025-12-08T17:50:27.658799,-0.393999,393.9990,0.000000,0.000000,0.000000,0.000000,0.000000,0.000000,-0.652565,0.2545,6003,1991,221
274,2025-12-08T17:50:34.736351,-0.460966,460.9657,0.000000,0.000000,0.000000,0.000000,0.000000,0.000000,-0.650649,0.2532,6758,1991,221
275,2025-12-08T17:50:41.453577,-0.340429,340.4288,0.000000,0.000000,0.000000,0.000000,0.000000,0.000000,-0.647547,0.2520,6420,1991,221
276,2025-12-08T17:50:48.678894,-0.393882,393.8825,0.000000,0.000000,0.000000,0.000000,0.000000,0.000000,-0.645011,0.2507,6903,1991,221
277,2025-12-08T17:50:55.348142,-0.457247,457.2466,0.000000,0.000000,0.000000,0.000000,0.000000,0.000000,-0.643133,0.2495,6440,1991,221
278,2025-12-08T17:51:01.993172,-0.346415,346.4149,0.000000,0.000000,0.000000,0.000000,0.000000,0.000000,-0.640166,0.2482,6341,1991,221
279,2025-12-08T17:51:13.826045,-0.411655,411.6550,0.000000,0.000000,0.000000,0.000000,0.000000,0.000000,-0.637881,0.2470,11578,1991,221
280,2025-12-08T17:51:25.287305,-0.994041,994.0410,0.000000,0.230678,0.230678,0.399967,4.441494,22.198408,-0.641442,0.2457,10656,1991,228
281,2025-12-08T17:51:32.376886,-0.967268,967.2685,0.000000,0.000000,0.000000,0.000000,0.000000,0.000000,-0.644701,0.2445,6738,1991,228
282,2025-12-08T17:51:40.006639,-0.966545,966.5446,0.000000,0.000000,0.000000,0.000000,0.000000,0.000000,-0.647919,0.2433,7373,1991,228
283,2025-12-08T17:51:44.806265,-0.968925,968.9253,0.000000,0.000000,0.000000,0.000000,0.000000,0.000000,-0.651129,0.2421,4547,1991,228
284,2025-12-08T17:51:49.574747,-1.287632,1287.6325,0.000000,0.000000,0.000000,0.000000,0.000000,0.000000,-0.657494,0.2409,4527,1991,228
285,2025-12-08T17:51:54.337080,-0.975916,975.9160,0.000000,0.000000,0.000000,0.000000,0.000000,0.000000,-0.660678,0.2397,4574,1991,228
286,2025-12-08T17:51:59.522260,-0.979058,979.0579,0.000000,0.000000,0.000000,0.000000,0.000000,0.000000,-0.663862,0.2385,4998,1991,228
287,2025-12-08T17:52:04.465924,-1.155499,1155.4989,0.000000,0.000000,0.000000,0.000000,0.000000,0.000000,-0.668778,0.2373,4771,1991,228
288,2025-12-08T17:52:09.215799,-1.268881,1268.8813,0.000000,0.000000,0.000000,0.000000,0.000000,0.000000,-0.674780,0.2361,4518,1991,228
289,2025-12-08T17:52:13.971288,-0.968187,968.1873,0.000000,0.000000,0.000000,0.000000,0.000000,0.000000,-0.677714,0.2349,4518,1991,228
290,2025-12-08T17:52:19.343301,-0.778658,778.6578,0.000000,0.313399,0.313399,0.028385,4.442450,21.928379,-0.678723,0.2337,5041,1991,231
291,2025-12-08T17:52:24.360017,-0.645365,645.3649,0.000000,0.000000,0.000000,0.000000,0.000000,0.000000,-0.678389,0.2326,4766,1991,231
292,2025-12-08T17:52:29.344558,-0.780446,780.4455,0.000000,0.000000,0.000000,0.000000,0.000000,0.000000,-0.679410,0.2314,4785,1991,231
293,2025-12-08T17:52:34.117633,-0.713647,713.6466,0.000000,0.000000,0.000000,0.000000,0.000000,0.000000,-0.679752,0.2302,4574,1991,231
294,2025-12-08T17:52:38.448169,-0.754708,754.7077,0.000000,0.000000,0.000000,0.000000,0.000000,0.000000,-0.680502,0.2291,4162,1991,231
295,2025-12-08T17:52:43.355111,-0.651191,651.1914,0.000000,0.000000,0.000000,0.000000,0.000000,0.000000,-0.680209,0.2279,4703,1991,231
296,2025-12-08T17:52:48.173880,-0.798232,798.2323,0.000000,0.000000,0.000000,0.000000,0.000000,0.000000,-0.681389,0.2268,4610,1991,231
297,2025-12-08T17:52:53.264498,-0.771123,771.1233,0.000000,0.000000,0.000000,0.000000,0.000000,0.000000,-0.682286,0.2257,4891,1991,231
298,2025-12-08T17:52:58.228733,-0.789350,789.3503,0.000000,0.000000,0.000000,0.000000,0.000000,0.000000,-0.683357,0.2245,4739,1991,231
299,2025-12-08T17:53:02.852827,-0.650893,650.8933,0.000000,0.000000,0.000000,0.000000,0.000000,0.000000,-0.683032,0.2234,4462,1991,231
300,2025-12-08T17:53:07.897848,-0.459347,459.3471,0.000000,0.306319,0.306319,0.166498,4.298532,28.071329,-0.680796,0.2223,4687,1991,226
301,2025-12-08T17:53:12.651281,-0.466374,466.3741,0.000000,0.000000,0.000000,0.000000,0.000000,0.000000,-0.678651,0.2212,4543,1991,226
302,2025-12-08T17:53:17.635217,-0.529066,529.0660,0.000000,0.000000,0.000000,0.000000,0.000000,0.000000,-0.677155,0.2201,4774,1991,226
303,2025-12-08T17:53:22.967948,-0.617654,617.6537,0.000000,0.000000,0.000000,0.000000,0.000000,0.000000,-0.676560,0.2190,5117,1991,226
304,2025-12-08T17:53:27.734096,-0.548239,548.2389,0.000000,0.000000,0.000000,0.000000,0.000000,0.000000,-0.675277,0.2179,4547,1991,226
305,2025-12-08T17:53:32.458632,-0.450836,450.8361,0.000000,0.000000,0.000000,0.000000,0.000000,0.000000,-0.673033,0.2168,4495,1991,226
306,2025-12-08T17:53:38.171329,-0.516295,516.2951,0.000000,0.000000,0.000000,0.000000,0.000000,0.000000,-0.671465,0.2157,5530,1991,226
307,2025-12-08T17:53:42.965211,-0.594158,594.1584,0.000000,0.000000,0.000000,0.000000,0.000000,0.000000,-0.670692,0.2146,4643,1991,226
308,2025-12-08T17:53:48.561305,-0.485771,485.7714,0.000000,0.000000,0.000000,0.000000,0.000000,0.000000,-0.668843,0.2136,5400,1991,226
309,2025-12-08T17:53:53.837834,-0.630442,630.4417,0.000000,0.000000,0.000000,0.000000,0.000000,0.000000,-0.668459,0.2125,5072,1991,226
310,2025-12-08T17:53:59.752836,-0.805761,805.7607,0.000000,0.297226,0.297226,0.177618,4.313993,28.795929,-0.669832,0.2114,5531,1991,223
311,2025-12-08T17:54:04.787437,-0.675824,675.8239,0.000000,0.000000,0.000000,0.000000,0.000000,0.000000,-0.669892,0.2104,4812,1991,223
312,2025-12-08T17:54:09.728022,-0.514966,514.9659,0.000000,0.000000,0.000000,0.000000,0.000000,0.000000,-0.668343,0.2093,4724,1991,223
313,2025-12-08T17:54:14.953272,-0.538458,538.4579,0.000000,0.000000,0.000000,0.000000,0.000000,0.000000,-0.667044,0.2083,5020,1991,223
314,2025-12-08T17:54:19.679954,-0.495497,495.4965,0.000000,0.000000,0.000000,0.000000,0.000000,0.000000,-0.665329,0.2072,4511,1991,223
315,2025-12-08T17:54:24.911957,-0.510345,510.3450,0.000000,0.000000,0.000000,0.000000,0.000000,0.000000,-0.663779,0.2062,5022,1991,223
316,2025-12-08T17:54:29.613070,-0.827603,827.6025,0.000000,0.000000,0.000000,0.000000,0.000000,0.000000,-0.665417,0.2052,4504,1991,223
317,2025-12-08T17:54:34.400955,-0.511586,511.5860,0.000000,0.000000,0.000000,0.000000,0.000000,0.000000,-0.663879,0.2041,4615,1991,223
318,2025-12-08T17:54:39.437925,-0.623823,623.8230,0.000000,0.000000,0.000000,0.000000,0.000000,0.000000,-0.663478,0.2031,4853,1991,223
319,2025-12-08T17:54:43.989405,-0.680770,680.7703,0.000000,0.000000,0.000000,0.000000,0.000000,0.000000,-0.663651,0.2021,4379,1991,223
320,2025-12-08T17:54:48.839505,-0.585340,585.3401,0.000000,0.315037,0.315037,0.037794,4.275285,28.635784,-0.662868,0.2011,4421,1991,216
321,2025-12-08T17:54:54.070318,-0.494909,494.9091,0.000000,0.000000,0.000000,0.000000,0.000000,0.000000,-0.661188,0.2001,4996,1991,216
322,2025-12-08T17:54:59.198667,-0.597910,597.9097,0.000000,0.000000,0.000000,0.000000,0.000000,0.000000,-0.660555,0.1991,4877,1991,216
323,2025-12-08T17:55:04.442565,-0.494898,494.8984,0.000000,0.000000,0.000000,0.000000,0.000000,0.000000,-0.658899,0.1981,5040,1991,216
324,2025-12-08T17:55:08.925358,-0.480854,480.8539,0.000000,0.000000,0.000000,0.000000,0.000000,0.000000,-0.657118,0.1971,4306,1991,216
325,2025-12-08T17:55:14.143102,-0.602882,602.8824,0.000000,0.000000,0.000000,0.000000,0.000000,0.000000,-0.656576,0.1961,5025,1991,216
326,2025-12-08T17:55:18.897952,-0.618519,618.5194,0.000000,0.000000,0.000000,0.000000,0.000000,0.000000,-0.656196,0.1951,4554,1991,216
327,2025-12-08T17:55:23.870412,-0.548905,548.9055,0.000000,0.000000,0.000000,0.000000,0.000000,0.000000,-0.655123,0.1942,4755,1991,216
328,2025-12-08T17:55:29.709027,-0.655782,655.7818,0.000000,0.000000,0.000000,0.000000,0.000000,0.000000,-0.655129,0.1932,5570,1991,216
329,2025-12-08T17:55:34.459368,-0.593960,593.9602,0.000000,0.000000,0.000000,0.000000,0.000000,0.000000,-0.654518,0.1922,4578,1991,216
330,2025-12-08T17:55:39.797631,-0.418504,418.5038,0.000000,0.335265,0.335265,0.010944,4.355462,27.302008,-0.652157,0.1913,5023,1991,225
331,2025-12-08T17:55:44.526408,-0.349744,349.7442,0.000000,0.000000,0.000000,0.000000,0.000000,0.000000,-0.649133,0.1903,4558,1991,225
332,2025-12-08T17:55:49.250870,-0.420922,420.9223,0.000000,0.000000,0.000000,0.000000,0.000000,0.000000,-0.646851,0.1893,4544,1991,225
333,2025-12-08T17:55:54.368776,-0.446871,446.8707,0.000000,0.000000,0.000000,0.000000,0.000000,0.000000,-0.644851,0.1884,4903,1991,225
334,2025-12-08T17:56:01.271209,-0.368432,368.4319,0.000000,0.000000,0.000000,0.000000,0.000000,0.000000,-0.642087,0.1875,6669,1991,225
335,2025-12-08T17:56:07.048298,-0.372413,372.4128,0.000000,0.000000,0.000000,0.000000,0.000000,0.000000,-0.639390,0.1865,5497,1991,225
336,2025-12-08T17:56:12.835183,-0.444600,444.5998,0.000000,0.000000,0.000000,0.000000,0.000000,0.000000,-0.637443,0.1856,5513,1991,225
337,2025-12-08T17:56:18.452423,-0.425068,425.0680,0.000000,0.000000,0.000000,0.000000,0.000000,0.000000,-0.635319,0.1847,5412,1991,225
338,2025-12-08T17:56:24.045969,-0.431367,431.3666,0.000000,0.000000,0.000000,0.000000,0.000000,0.000000,-0.633279,0.1837,5360,1991,225
339,2025-12-08T17:56:29.569419,-0.435428,435.4284,0.000000,0.000000,0.000000,0.000000,0.000000,0.000000,-0.631301,0.1828,5337,1991,225
340,2025-12-08T17:56:34.616670,-0.601279,601.2789,0.000000,0.245499,0.245499,0.014835,4.173036,29.014460,-0.631001,0.1819,4699,1991,224
341,2025-12-08T17:56:39.644326,-0.674202,674.2019,0.000000,0.000000,0.000000,0.000000,0.000000,0.000000,-0.631433,0.1810,4839,1991,224
342,2025-12-08T17:56:44.366122,-0.508719,508.7186,0.000000,0.000000,0.000000,0.000000,0.000000,0.000000,-0.630205,0.1801,4516,1991,224
343,2025-12-08T17:56:49.980984,-0.642145,642.1454,0.000000,0.000000,0.000000,0.000000,0.000000,0.000000,-0.630325,0.1792,5433,1991,224
344,2025-12-08T17:56:55.152799,-0.614012,614.0118,0.000000,0.000000,0.000000,0.000000,0.000000,0.000000,-0.630162,0.1783,4942,1991,224
345,2025-12-08T17:56:59.976523,-0.632834,632.8336,0.000000,0.000000,0.000000,0.000000,0.000000,0.000000,-0.630188,0.1774,4621,1991,224
346,2025-12-08T17:57:05.195046,-0.679168,679.1685,0.000000,0.000000,0.000000,0.000000,0.000000,0.000000,-0.630678,0.1765,5031,1991,224
347,2025-12-08T17:57:10.610521,-0.597931,597.9310,0.000000,0.000000,0.000000,0.000000,0.000000,0.000000,-0.630351,0.1756,5240,1991,224
348,2025-12-08T17:57:15.753899,-0.505180,505.1799,0.000000,0.000000,0.000000,0.000000,0.000000,0.000000,-0.629099,0.1748,4947,1991,224
349,2025-12-08T17:57:20.685473,-0.532226,532.2263,0.000000,0.000000,0.000000,0.000000,0.000000,0.000000,-0.628130,0.1739,4720,1991,224
350,2025-12-08T17:57:25.782082,-0.664546,664.5457,0.000000,0.329052,0.329052,0.101819,3.971098,36.198219,-0.628494,0.1730,4798,1991,228
351,2025-12-08T17:57:30.587401,-0.770805,770.8045,0.000000,0.000000,0.000000,0.000000,0.000000,0.000000,-0.629918,0.1721,4625,1991,228
352,2025-12-08T17:57:35.725216,-0.739490,739.4896,0.000000,0.000000,0.000000,0.000000,0.000000,0.000000,-0.631013,0.1713,4931,1991,228
353,2025-12-08T17:57:40.582091,-0.683093,683.0931,0.000000,0.000000,0.000000,0.000000,0.000000,0.000000,-0.631534,0.1704,4630,1991,228
354,2025-12-08T17:57:45.797161,-0.770795,770.7952,0.000000,0.000000,0.000000,0.000000,0.000000,0.000000,-0.632927,0.1696,4970,1991,228
355,2025-12-08T17:57:50.816764,-0.766432,766.4323,0.000000,0.000000,0.000000,0.000000,0.000000,0.000000,-0.634262,0.1687,4819,1991,228
356,2025-12-08T17:57:55.643770,-0.777120,777.1202,0.000000,0.000000,0.000000,0.000000,0.000000,0.000000,-0.635690,0.1679,4612,1991,228
357,2025-12-08T17:58:00.295097,-0.776630,776.6303,0.000000,0.000000,0.000000,0.000000,0.000000,0.000000,-0.637100,0.1670,4414,1991,228
358,2025-12-08T17:58:05.079620,-0.671332,671.3320,0.000000,0.000000,0.000000,0.000000,0.000000,0.000000,-0.637442,0.1662,4572,1991,228
359,2025-12-08T17:58:10.135337,-0.709658,709.6577,0.000000,0.000000,0.000000,0.000000,0.000000,0.000000,-0.638164,0.1654,4815,1991,228
360,2025-12-08T17:58:14.885857,-0.810417,810.4168,0.000000,0.328893,0.328893,0.153226,3.904072,36.410194,-0.639887,0.1646,4356,1991,226
361,2025-12-08T17:58:20.002258,-0.837449,837.4487,0.000000,0.000000,0.000000,0.000000,0.000000,0.000000,-0.641862,0.1637,4813,1991,226
362,2025-12-08T17:58:24.895779,-0.831727,831.7271,0.000000,0.000000,0.000000,0.000000,0.000000,0.000000,-0.643761,0.1629,4669,1991,226
363,2025-12-08T17:58:29.983638,-0.706115,706.1147,0.000000,0.000000,0.000000,0.000000,0.000000,0.000000,-0.644385,0.1621,4894,1991,226
364,2025-12-08T17:58:36.180526,-0.791492,791.4922,0.000000,0.000000,0.000000,0.000000,0.000000,0.000000,-0.645856,0.1613,5970,1991,226
365,2025-12-08T17:58:42.646660,-0.820574,820.5745,0.000000,0.000000,0.000000,0.000000,0.000000,0.000000,-0.647603,0.1605,6150,1991,226
366,2025-12-08T17:58:49.323358,-0.775547,775.5471,0.000000,0.000000,0.000000,0.000000,0.000000,0.000000,-0.648882,0.1597,6379,1991,226
367,2025-12-08T17:58:55.678170,-0.733202,733.2025,0.000000,0.000000,0.000000,0.000000,0.000000,0.000000,-0.649725,0.1589,5999,1991,226
368,2025-12-08T17:59:01.914666,-0.768862,768.8624,0.000000,0.000000,0.000000,0.000000,0.000000,0.000000,-0.650917,0.1581,5941,1991,226
369,2025-12-08T17:59:07.689627,-0.741727,741.7267,0.000000,0.000000,0.000000,0.000000,0.000000,0.000000,-0.651825,0.1573,5483,1991,226
370,2025-12-08T17:59:13.680885,-0.769191,769.1914,0.000000,0.313701,0.313701,0.072977,3.925499,39.781792,-0.652999,0.1565,5542,1991,224
371,2025-12-08T17:59:19.982192,-1.007921,1007.9208,0.000000,0.000000,0.000000,0.000000,0.000000,0.000000,-0.656548,0.1557,6067,1991,224
372,2025-12-08T17:59:26.178163,-0.820490,820.4904,0.000000,0.000000,0.000000,0.000000,0.000000,0.000000,-0.658187,0.1549,5942,1991,224
373,2025-12-08T17:59:32.787909,-0.917520,917.5205,0.000000,0.000000,0.000000,0.000000,0.000000,0.000000,-0.660781,0.1542,6286,1991,224
374,2025-12-08T17:59:38.659578,-1.021545,1021.5455,0.000000,0.000000,0.000000,0.000000,0.000000,0.000000,-0.664388,0.1534,5585,1991,224
375,2025-12-08T17:59:44.416499,-0.862293,862.2933,0.000000,0.000000,0.000000,0.000000,0.000000,0.000000,-0.666367,0.1526,5459,1991,224
376,2025-12-08T17:59:50.268101,-0.852022,852.0216,0.000000,0.000000,0.000000,0.000000,0.000000,0.000000,-0.668224,0.1519,5580,1991,224
377,2025-12-08T17:59:55.981815,-0.793860,793.8603,0.000000,0.000000,0.000000,0.000000,0.000000,0.000000,-0.669480,0.1511,5441,1991,224
378,2025-12-08T18:00:01.573117,-0.786484,786.4837,0.000000,0.000000,0.000000,0.000000,0.000000,0.000000,-0.670650,0.1504,5346,1991,224
379,2025-12-08T18:00:08.146251,-0.890146,890.1456,0.000000,0.000000,0.000000,0.000000,0.000000,0.000000,-0.672845,0.1496,6257,1991,224
380,2025-12-08T18:00:13.128850,-0.769123,769.1229,0.000000,0.316160,0.316160,0.031404,3.955992,39.519154,-0.673808,0.1489,4530,1991,221
381,2025-12-08T18:00:17.649962,-0.916441,916.4413,0.000000,0.000000,0.000000,0.000000,0.000000,0.000000,-0.676234,0.1481,4324,1991,221
382,2025-12-08T18:00:22.363575,-0.907624,907.6243,0.000000,0.000000,0.000000,0.000000,0.000000,0.000000,-0.678548,0.1474,4502,1991,221
383,2025-12-08T18:00:26.881567,-0.976279,976.2794,0.000000,0.000000,0.000000,0.000000,0.000000,0.000000,-0.681525,0.1466,4323,1991,221
384,2025-12-08T18:00:31.519188,-0.760793,760.7927,0.000000,0.000000,0.000000,0.000000,0.000000,0.000000,-0.682318,0.1459,4427,1991,221
385,2025-12-08T18:00:36.324064,-0.915994,915.9941,0.000000,0.000000,0.000000,0.000000,0.000000,0.000000,-0.684655,0.1452,4600,1991,221
386,2025-12-08T18:00:40.845138,-0.860229,860.2286,0.000000,0.000000,0.000000,0.000000,0.000000,0.000000,-0.686411,0.1444,4309,1991,221
387,2025-12-08T18:00:45.357445,-0.879538,879.5384,0.000000,0.000000,0.000000,0.000000,0.000000,0.000000,-0.688342,0.1437,4287,1991,221
388,2025-12-08T18:00:50.442990,-0.769841,769.8415,0.000000,0.000000,0.000000,0.000000,0.000000,0.000000,-0.689157,0.1430,4861,1991,221
389,2025-12-08T18:00:55.036055,-0.936470,936.4705,0.000000,0.000000,0.000000,0.000000,0.000000,0.000000,-0.691630,0.1423,4392,1991,221
390,2025-12-08T18:00:59.637711,-0.556246,556.2465,0.000000,0.296690,0.296690,0.038192,3.719753,40.266239,-0.690276,0.1416,4261,1991,221
391,2025-12-08T18:01:04.364966,-0.524730,524.7297,0.000000,0.000000,0.000000,0.000000,0.000000,0.000000,-0.688621,0.1409,4491,1991,221
392,2025-12-08T18:01:08.724170,-0.537179,537.1794,0.000000,0.000000,0.000000,0.000000,0.000000,0.000000,-0.687106,0.1402,4156,1991,221
393,2025-12-08T18:01:13.777858,-0.554121,554.1205,0.000000,0.000000,0.000000,0.000000,0.000000,0.000000,-0.685776,0.1395,4835,1991,221
394,2025-12-08T18:01:18.535010,-0.521319,521.3190,0.000000,0.000000,0.000000,0.000000,0.000000,0.000000,-0.684132,0.1388,4516,1991,221
395,2025-12-08T18:01:23.024409,-0.562737,562.7366,0.000000,0.000000,0.000000,0.000000,0.000000,0.000000,-0.682918,0.1381,4307,1991,221
396,2025-12-08T18:01:27.407496,-0.536716,536.7156,0.000000,0.000000,0.000000,0.000000,0.000000,0.000000,-0.681456,0.1374,4166,1991,221
397,2025-12-08T18:01:31.865868,-0.546086,546.0859,0.000000,0.000000,0.000000,0.000000,0.000000,0.000000,-0.680102,0.1367,4232,1991,221
398,2025-12-08T18:01:36.914803,-0.558698,558.6978,0.000000,0.000000,0.000000,0.000000,0.000000,0.000000,-0.678888,0.1360,4834,1991,221
399,2025-12-08T18:01:41.351964,-0.557577,557.5765,0.000000,0.000000,0.000000,0.000000,0.000000,0.000000,-0.677675,0.1353,4238,1991,221
400,2025-12-08T18:01:46.092712,-0.665744,665.7435,0.000000,0.232619,0.232619,0.354928,3.836323,37.980835,-0.677556,0.1347,4351,1991,226
401,2025-12-08T18:01:51.098047,-0.591871,591.8712,0.000000,0.000000,0.000000,0.000000,0.000000,0.000000,-0.676699,0.1340,4791,1991,226
402,2025-12-08T18:01:56.063609,-0.565796,565.7958,0.000000,0.000000,0.000000,0.000000,0.000000,0.000000,-0.675590,0.1333,4747,1991,226
403,2025-12-08T18:02:00.614710,-0.602544,602.5443,0.000000,0.000000,0.000000,0.000000,0.000000,0.000000,-0.674859,0.1326,4345,1991,226
404,2025-12-08T18:02:05.409195,-0.452591,452.5908,0.000000,0.000000,0.000000,0.000000,0.000000,0.000000,-0.672637,0.1320,4590,1991,226
405,2025-12-08T18:02:09.881613,-0.645964,645.9639,0.000000,0.000000,0.000000,0.000000,0.000000,0.000000,-0.672370,0.1313,4254,1991,226
406,2025-12-08T18:02:14.529443,-0.660389,660.3892,0.000000,0.000000,0.000000,0.000000,0.000000,0.000000,-0.672250,0.1307,4447,1991,226
407,2025-12-08T18:02:19.147422,-0.461253,461.2535,0.000000,0.000000,0.000000,0.000000,0.000000,0.000000,-0.670140,0.1300,4405,1991,226
408,2025-12-08T18:02:23.476907,-0.514216,514.2163,0.000000,0.000000,0.000000,0.000000,0.000000,0.000000,-0.668581,0.1294,4167,1991,226
409,2025-12-08T18:02:28.363883,-0.544444,544.4438,0.000000,0.000000,0.000000,0.000000,0.000000,0.000000,-0.667340,0.1287,4668,1991,226
410,2025-12-08T18:02:33.575901,-0.589127,589.1270,0.000000,0.312306,0.312306,0.410649,3.585301,48.725609,-0.666557,0.1281,4912,1991,213
411,2025-12-08T18:02:38.564653,-0.686824,686.8239,0.000000,0.000000,0.000000,0.000000,0.000000,0.000000,-0.666760,0.1274,4803,1991,213
412,2025-12-08T18:02:42.596008,-0.592534,592.5344,0.000000,0.000000,0.000000,0.000000,0.000000,0.000000,-0.666018,0.1268,3852,1991,213
413,2025-12-08T18:02:47.790850,-0.630068,630.0677,0.000000,0.000000,0.000000,0.000000,0.000000,0.000000,-0.665658,0.1262,4972,1991,213
414,2025-12-08T18:02:51.963867,-0.666389,666.3894,0.000000,0.000000,0.000000,0.000000,0.000000,0.000000,-0.665666,0.1255,3972,1991,213
415,2025-12-08T18:02:56.516736,-0.660312,660.3119,0.000000,0.000000,0.000000,0.000000,0.000000,0.000000,-0.665612,0.1249,4376,1991,213
416,2025-12-08T18:03:01.163849,-0.594475,594.4751,0.000000,0.000000,0.000000,0.000000,0.000000,0.000000,-0.664901,0.1243,4392,1991,213
417,2025-12-08T18:03:05.949318,-0.645745,645.7448,0.000000,0.000000,0.000000,0.000000,0.000000,0.000000,-0.664709,0.1237,4628,1991,213
418,2025-12-08T18:03:10.324391,-0.589603,589.6026,0.000000,0.000000,0.000000,0.000000,0.000000,0.000000,-0.663958,0.1230,4145,1991,213
419,2025-12-08T18:03:14.835672,-0.678008,678.0076,0.000000,0.000000,0.000000,0.000000,0.000000,0.000000,-0.664099,0.1224,4256,1991,213
420,2025-12-08T18:03:20.722178,-0.576934,576.9343,0.000000,0.343850,0.343850,0.283017,3.752621,48.742550,-0.663227,0.1218,5473,1991,225
421,2025-12-08T18:03:25.675546,-0.448645,448.6451,0.000000,0.000000,0.000000,0.000000,0.000000,0.000000,-0.661081,0.1212,4745,1991,225
422,2025-12-08T18:03:30.090658,-0.457346,457.3458,0.000000,0.000000,0.000000,0.000000,0.000000,0.000000,-0.659044,0.1206,4232,1991,225
423,2025-12-08T18:03:36.191281,-0.490043,490.0430,0.000000,0.000000,0.000000,0.000000,0.000000,0.000000,-0.657354,0.1200,5867,1991,225
424,2025-12-08T18:03:41.546930,-0.596555,596.5553,0.000000,0.000000,0.000000,0.000000,0.000000,0.000000,-0.656746,0.1194,5123,1991,225
425,2025-12-08T18:03:46.604342,-0.593494,593.4935,0.000000,0.000000,0.000000,0.000000,0.000000,0.000000,-0.656113,0.1188,4772,1991,225
426,2025-12-08T18:03:51.960179,-0.447965,447.9647,0.000000,0.000000,0.000000,0.000000,0.000000,0.000000,-0.654032,0.1182,5001,1991,225
427,2025-12-08T18:03:56.579069,-0.596654,596.6541,0.000000,0.000000,0.000000,0.000000,0.000000,0.000000,-0.653458,0.1176,4356,1991,225
428,2025-12-08T18:04:01.768707,-0.460052,460.0516,0.000000,0.000000,0.000000,0.000000,0.000000,0.000000,-0.651524,0.1170,4990,1991,225
429,2025-12-08T18:04:06.165366,-0.457938,457.9381,0.000000,0.000000,0.000000,0.000000,0.000000,0.000000,-0.649588,0.1164,4216,1991,225
430,2025-12-08T18:04:11.145738,-0.524818,524.8183,0.000000,0.346615,0.346615,0.288789,3.872193,47.780453,-0.648340,0.1159,4658,1991,229
431,2025-12-08T18:04:16.573452,-0.402930,402.9303,0.000000,0.000000,0.000000,0.000000,0.000000,0.000000,-0.645886,0.1153,5187,1991,229
432,2025-12-08T18:04:23.374996,-0.448541,448.5412,0.000000,0.000000,0.000000,0.000000,0.000000,0.000000,-0.643913,0.1147,6582,1991,229
433,2025-12-08T18:04:29.960231,-0.435433,435.4334,0.000000,0.000000,0.000000,0.000000,0.000000,0.000000,-0.641828,0.1141,6366,1991,229
434,2025-12-08T18:04:37.927306,-0.371266,371.2657,0.000000,0.000000,0.000000,0.000000,0.000000,0.000000,-0.639122,0.1136,7635,1991,229
435,2025-12-08T18:04:45.790346,-0.459914,459.9136,0.000000,0.000000,0.000000,0.000000,0.000000,0.000000,-0.637330,0.1130,7542,1991,229
436,2025-12-08T18:04:51.888443,-0.391018,391.0181,0.000000,0.000000,0.000000,0.000000,0.000000,0.000000,-0.634867,0.1124,5830,1991,229
437,2025-12-08T18:04:58.652695,-0.420218,420.2181,0.000000,0.000000,0.000000,0.000000,0.000000,0.000000,-0.632721,0.1119,6490,1991,229
438,2025-12-08T18:05:06.312085,-0.439308,439.3080,0.000000,0.000000,0.000000,0.000000,0.000000,0.000000,-0.630787,0.1113,7364,1991,229
439,2025-12-08T18:05:12.201315,-0.417351,417.3515,0.000000,0.000000,0.000000,0.000000,0.000000,0.000000,-0.628652,0.1107,5610,1991,229
440,2025-12-08T18:05:17.927757,-0.661674,661.6737,0.000000,0.236252,0.236252,0.173374,3.542291,47.555832,-0.628983,0.1102,5302,1991,224
441,2025-12-08T18:05:23.779791,-0.613723,613.7234,0.000000,0.000000,0.000000,0.000000,0.000000,0.000000,-0.628830,0.1096,5648,1991,224
442,2025-12-08T18:05:29.099511,-0.473105,473.1050,0.000000,0.000000,0.000000,0.000000,0.000000,0.000000,-0.627273,0.1091,5090,1991,224
443,2025-12-08T18:05:34.332673,-0.470921,470.9213,0.000000,0.000000,0.000000,0.000000,0.000000,0.000000,-0.625709,0.1085,5045,1991,224
444,2025-12-08T18:05:39.422575,-0.540351,540.3512,0.000000,0.000000,0.000000,0.000000,0.000000,0.000000,-0.624856,0.1080,4918,1991,224
445,2025-12-08T18:05:44.157232,-0.628588,628.5882,0.000000,0.000000,0.000000,0.000000,0.000000,0.000000,-0.624893,0.1075,4549,1991,224
446,2025-12-08T18:05:49.096474,-0.470858,470.8580,0.000000,0.000000,0.000000,0.000000,0.000000,0.000000,-0.623353,0.1069,4707,1991,224
447,2025-12-08T18:05:53.946438,-0.583038,583.0383,0.000000,0.000000,0.000000,0.000000,0.000000,0.000000,-0.622949,0.1064,4631,1991,224
448,2025-12-08T18:05:58.822496,-0.554678,554.6776,0.000000,0.000000,0.000000,0.000000,0.000000,0.000000,-0.622267,0.1059,4676,1991,224
449,2025-12-08T18:06:03.974048,-0.482878,482.8776,0.000000,0.000000,0.000000,0.000000,0.000000,0.000000,-0.620873,0.1053,4963,1991,224
450,2025-12-08T18:06:08.858159,-0.393015,393.0149,0.000000,0.338900,0.338900,0.013545,3.673933,52.391663,-0.618594,0.1048,4514,1991,227
451,2025-12-08T18:06:13.616626,-0.390990,390.9899,0.000000,0.000000,0.000000,0.000000,0.000000,0.000000,-0.616318,0.1043,4553,1991,227
452,2025-12-08T18:06:18.505730,-0.531073,531.0726,0.000000,0.000000,0.000000,0.000000,0.000000,0.000000,-0.615466,0.1038,4681,1991,227
453,2025-12-08T18:06:23.947967,-0.613220,613.2200,0.000000,0.000000,0.000000,0.000000,0.000000,0.000000,-0.615443,0.1032,5235,1991,227
454,2025-12-08T18:06:29.435734,-0.591691,591.6911,0.000000,0.000000,0.000000,0.000000,0.000000,0.000000,-0.615206,0.1027,5309,1991,227
455,2025-12-08T18:06:34.246784,-0.634596,634.5957,0.000000,0.000000,0.000000,0.000000,0.000000,0.000000,-0.615400,0.1022,4625,1991,227
456,2025-12-08T18:06:39.173435,-0.416498,416.4975,0.000000,0.000000,0.000000,0.000000,0.000000,0.000000,-0.613411,0.1017,4739,1991,227
457,2025-12-08T18:06:44.100885,-0.599620,599.6196,0.000000,0.000000,0.000000,0.000000,0.000000,0.000000,-0.613273,0.1012,4718,1991,227
458,2025-12-08T18:06:49.462973,-0.563520,563.5205,0.000000,0.000000,0.000000,0.000000,0.000000,0.000000,-0.612775,0.1007,5139,1991,227
459,2025-12-08T18:06:54.416939,-0.416417,416.4166,0.000000,0.000000,0.000000,0.000000,0.000000,0.000000,-0.610812,0.1002,4733,1991,227
460,2025-12-08T18:06:59.528348,-0.509058,509.0582,0.000000,0.330801,0.330801,0.049130,3.575651,47.958195,-0.609794,0.1000,4743,1991,223
461,2025-12-08T18:07:04.685707,-0.572161,572.1608,0.000000,0.000000,0.000000,0.000000,0.000000,0.000000,-0.609418,0.1000,4818,1991,223
462,2025-12-08T18:07:09.643668,-0.838615,838.6145,0.000000,0.000000,0.000000,0.000000,0.000000,0.000000,-0.611710,0.1000,4779,1991,223
463,2025-12-08T18:07:14.609553,-0.721619,721.6192,0.000000,0.000000,0.000000,0.000000,0.000000,0.000000,-0.612809,0.1000,4777,1991,223
464,2025-12-08T18:07:19.513934,-0.622520,622.5203,0.000000,0.000000,0.000000,0.000000,0.000000,0.000000,-0.612906,0.1000,4715,1991,223
465,2025-12-08T18:07:24.366487,-0.563517,563.5167,0.000000,0.000000,0.000000,0.000000,0.000000,0.000000,-0.612412,0.1000,4632,1991,223
466,2025-12-08T18:07:29.553594,-0.661672,661.6717,0.000000,0.000000,0.000000,0.000000,0.000000,0.000000,-0.612905,0.1000,5004,1991,223
467,2025-12-08T18:07:34.740334,-0.503479,503.4785,0.000000,0.000000,0.000000,0.000000,0.000000,0.000000,-0.611810,0.1000,4972,1991,223
468,2025-12-08T18:07:40.637436,-0.624790,624.7896,0.000000,0.000000,0.000000,0.000000,0.000000,0.000000,-0.611940,0.1000,5662,1991,223
469,2025-12-08T18:07:45.546843,-0.632853,632.8534,0.000000,0.000000,0.000000,0.000000,0.000000,0.000000,-0.612149,0.1000,4697,1991,223
470,2025-12-08T18:07:50.911878,-1.085296,1085.2960,0.000000,0.281008,0.281008,0.308291,3.507545,54.000561,-0.616881,0.1000,5040,1991,229
471,2025-12-08T18:07:55.607815,-1.086087,1086.0868,0.000000,0.000000,0.000000,0.000000,0.000000,0.000000,-0.621573,0.1000,4514,1991,229
472,2025-12-08T18:08:00.119699,-1.083059,1083.0593,0.000000,0.000000,0.000000,0.000000,0.000000,0.000000,-0.626188,0.1000,4336,1991,229
473,2025-12-08T18:08:05.178355,-1.289377,1289.3772,0.000000,0.000000,0.000000,0.000000,0.000000,0.000000,-0.632820,0.1000,4870,1991,229
474,2025-12-08T18:08:10.241993,-1.283501,1283.5013,0.000000,0.000000,0.000000,0.000000,0.000000,0.000000,-0.639326,0.1000,4868,1991,229
475,2025-12-08T18:08:15.195388,-1.245765,1245.7654,0.000000,0.000000,0.000000,0.000000,0.000000,0.000000,-0.645391,0.1000,4734,1991,229
476,2025-12-08T18:08:20.108328,-1.077514,1077.5137,0.000000,0.000000,0.000000,0.000000,0.000000,0.000000,-0.649712,0.1000,4695,1991,229
477,2025-12-08T18:08:24.851475,-1.467165,1457.1149,0.001005,0.000000,0.000000,0.000000,0.000000,0.000000,-0.657887,0.1000,4548,1989,229
478,2025-12-08T18:08:29.997247,-1.117206,1117.2056,0.000000,0.000000,0.000000,0.000000,0.000000,0.000000,-0.662480,0.1000,4952,1991,229
479,2025-12-08T18:08:35.030143,-1.165661,1165.6614,0.000000,0.000000,0.000000,0.000000,0.000000,0.000000,-0.667512,0.1000,4813,1991,229
480,2025-12-08T18:08:40.117532,-0.758748,758.7483,0.000000,0.283835,0.283835,1.148306,3.278964,55.922668,-0.668424,0.1000,4697,1991,227
481,2025-12-08T18:08:45.082420,-0.953862,953.8620,0.000000,0.000000,0.000000,0.000000,0.000000,0.000000,-0.671278,0.1000,4706,1991,227
482,2025-12-08T18:08:50.793068,-0.904994,904.9944,0.000000,0.000000,0.000000,0.000000,0.000000,0.000000,-0.673615,0.1000,5531,1991,227
483,2025-12-08T18:08:55.886667,-0.856414,856.4139,0.000000,0.000000,0.000000,0.000000,0.000000,0.000000,-0.675443,0.1000,4910,1991,227
484,2025-12-08T18:09:01.104839,-0.823370,823.3702,0.000000,0.000000,0.000000,0.000000,0.000000,0.000000,-0.676923,0.1000,4940,1991,227
485,2025-12-08T18:09:06.192044,-0.882129,882.1290,0.000000,0.000000,0.000000,0.000000,0.000000,0.000000,-0.678975,0.1000,4815,1991,227
486,2025-12-08T18:09:11.466424,-0.899309,899.3089,0.000000,0.000000,0.000000,0.000000,0.000000,0.000000,-0.681178,0.1000,5055,1991,227
487,2025-12-08T18:09:16.793088,-0.904571,904.5712,0.000000,0.000000,0.000000,0.000000,0.000000,0.000000,-0.683412,0.1000,5120,1991,227
488,2025-12-08T18:09:21.945769,-0.797221,797.2211,0.000000,0.000000,0.000000,0.000000,0.000000,0.000000,-0.684550,0.1000,4969,1991,227
489,2025-12-08T18:09:26.701894,-0.923993,923.9928,0.000000,0.000000,0.000000,0.000000,0.000000,0.000000,-0.686945,0.1000,4567,1991,227
490,2025-12-08T18:09:31.704898,-1.008977,1008.9775,0.000000,0.287572,0.287572,0.615223,3.508368,52.878258,-0.690165,0.1000,4623,1991,216
491,2025-12-08T18:09:36.887170,-0.535482,535.4822,0.000000,0.000000,0.000000,0.000000,0.000000,0.000000,-0.688618,0.1000,4933,1991,216
492,2025-12-08T18:09:41.894553,-0.884231,884.2314,0.000000,0.000000,0.000000,0.000000,0.000000,0.000000,-0.690574,0.1000,4835,1991,216
493,2025-12-08T18:09:46.911441,-0.982459,982.4591,0.000000,0.000000,0.000000,0.000000,0.000000,0.000000,-0.693493,0.1000,4824,1991,216
494,2025-12-08T18:09:53.020991,-0.953155,953.1549,0.000000,0.000000,0.000000,0.000000,0.000000,0.000000,-0.696090,0.1000,5897,1991,216
495,2025-12-08T18:09:58.034680,-0.580575,580.5752,0.000000,0.000000,0.000000,0.000000,0.000000,0.000000,-0.694935,0.1000,4818,1991,216
496,2025-12-08T18:10:03.475882,-0.943936,943.9361,0.000000,0.000000,0.000000,0.000000,0.000000,0.000000,-0.697425,0.1000,5231,1991,216
497,2025-12-08T18:10:08.288139,-0.530373,530.3730,0.000000,0.000000,0.000000,0.000000,0.000000,0.000000,-0.695754,0.1000,4608,1991,216
498,2025-12-08T18:10:13.677669,-0.887389,887.3890,0.000000,0.000000,0.000000,0.000000,0.000000,0.000000,-0.697670,0.1000,5163,1991,216
499,2025-12-08T18:10:18.558324,-0.542027,542.0270,0.000000,0.000000,0.000000,0.000000,0.000000,0.000000,-0.696114,0.1000,4681,1991,216
